Page slug,Section,Link text,Href,Problem
home,(top of page),Subscribe,#,"href is ""#"""
home,(top of page),Partner on Research,#,"href is ""#"""
home,Manage and monitor holistically,case studies & videos,#,"href is ""#"""
home,Advanced Field Trial,Permaculture Design Certification,http://localhost:8080/learn/,points to localhost
home,Advanced Field Trial,Permaculture Design Certification,http://localhost:8080/learn/,points to localhost
home,Permaculture Design Certification,See the Permaculture Design Certification →,http://localhost:8080/learn/,points to localhost
home,Foundation,Governance and financials,#,"href is ""#"""
home,Get involved,Donate,/donate/,target returns 404
home,Get involved,Accessibility,https://new.soilfoodweb.com/accessibility/,target returns 404
home,Get involved,Close Menu,#,"href is ""#"""
home,Get involved,Partner on Research,#,"href is ""#"""
about-us,(top of page),Subscribe,#,"href is ""#"""
about-us,(top of page),Partner on Research,#,"href is ""#"""
about-us,Foundation,Governance and financials,#,"href is ""#"""
about-us,Get involved,Donate,/donate/,target returns 404
about-us,Get involved,Accessibility,https://new.soilfoodweb.com/accessibility/,target returns 404
about-us,Get involved,Close Menu,#,"href is ""#"""
about-us,Get involved,Partner on Research,#,"href is ""#"""
category/foundation-update,(top of page),Subscribe,#,"href is ""#"""
category/foundation-update,(top of page),Partner on Research,#,"href is ""#"""
category/foundation-update,Foundation,Governance and financials,#,"href is ""#"""
category/foundation-update,Get involved,Donate,/donate/,target returns 404
category/foundation-update,Get involved,Accessibility,https://new.soilfoodweb.com/accessibility/,target returns 404
category/foundation-update,Get involved,Close Menu,#,"href is ""#"""
category/foundation-update,Get involved,Partner on Research,#,"href is ""#"""
programs-overview,(top of page),Subscribe,#,"href is ""#"""
programs-overview,(top of page),Partner on Research,#,"href is ""#"""
programs-overview,Advanced Field Trial,Permaculture Design Certification,http://localhost:8080/learn/,points to localhost
programs-overview,Advanced Field Trial,Permaculture Design Certification,http://localhost:8080/learn/,points to localhost
programs-overview,Permaculture Design Certification,See the Permaculture Design Certification →,http://localhost:8080/learn/,points to localhost
programs-overview,Foundation,Governance and financials,#,"href is ""#"""
programs-overview,Get involved,Donate,/donate/,target returns 404
programs-overview,Get involved,Accessibility,https://new.soilfoodweb.com/accessibility/,target returns 404
programs-overview,Get involved,Close Menu,#,"href is ""#"""
programs-overview,Get involved,Partner on Research,#,"href is ""#"""
workshops,(top of page),Subscribe,#,"href is ""#"""
workshops,(top of page),Partner on Research,#,"href is ""#"""
workshops,Foundation,Governance and financials,#,"href is ""#"""
workshops,Get involved,Donate,/donate/,target returns 404
workshops,Get involved,Accessibility,https://new.soilfoodweb.com/accessibility/,target returns 404
workshops,Get involved,Close Menu,#,"href is ""#"""
workshops,Get involved,Partner on Research,#,"href is ""#"""
scholarship,(top of page),Subscribe,#,"href is ""#"""
scholarship,(top of page),Partner on Research,#,"href is ""#"""
scholarship,Foundation,Governance and financials,#,"href is ""#"""
scholarship,Get involved,Donate,/donate/,target returns 404
scholarship,Get involved,Accessibility,https://new.soilfoodweb.com/accessibility/,target returns 404
scholarship,Get involved,Close Menu,#,"href is ""#"""
scholarship,Get involved,Partner on Research,#,"href is ""#"""
login,(top of page),Subscribe,#,"href is ""#"""
login,(top of page),Partner on Research,#,"href is ""#"""
login,Foundation,Governance and financials,#,"href is ""#"""
login,Get involved,Donate,/donate/,target returns 404
login,Get involved,Accessibility,https://new.soilfoodweb.com/accessibility/,target returns 404
login,Get involved,Close Menu,#,"href is ""#"""
login,Get involved,Partner on Research,#,"href is ""#"""
how-it-works,(top of page),Subscribe,#,"href is ""#"""
how-it-works,(top of page),Partner on Research,#,"href is ""#"""
how-it-works,Foundation,Governance and financials,#,"href is ""#"""
how-it-works,Get involved,Donate,/donate/,target returns 404
how-it-works,Get involved,Accessibility,https://new.soilfoodweb.com/accessibility/,target returns 404
how-it-works,Get involved,Close Menu,#,"href is ""#"""
how-it-works,Get involved,Partner on Research,#,"href is ""#"""
publications,(top of page),Subscribe,#,"href is ""#"""
publications,(top of page),Partner on Research,#,"href is ""#"""
publications,Foundation,Governance and financials,#,"href is ""#"""
publications,Get involved,Donate,/donate/,target returns 404
publications,Get involved,Accessibility,https://new.soilfoodweb.com/accessibility/,target returns 404
publications,Get involved,Close Menu,#,"href is ""#"""
publications,Get involved,Partner on Research,#,"href is ""#"""
practice,(top of page),Subscribe,#,"href is ""#"""
practice,(top of page),Partner on Research,#,"href is ""#"""
practice,Foundation,Governance and financials,#,"href is ""#"""
practice,Get involved,Donate,/donate/,target returns 404
practice,Get involved,Accessibility,https://new.soilfoodweb.com/accessibility/,target returns 404
practice,Get involved,Close Menu,#,"href is ""#"""
practice,Get involved,Partner on Research,#,"href is ""#"""
find-a-professional,(top of page),Subscribe,#,"href is ""#"""
find-a-professional,(top of page),Partner on Research,#,"href is ""#"""
find-a-professional,Foundation,Governance and financials,#,"href is ""#"""
find-a-professional,Get involved,Donate,/donate/,target returns 404
find-a-professional,Get involved,Accessibility,https://new.soilfoodweb.com/accessibility/,target returns 404
find-a-professional,Get involved,Close Menu,#,"href is ""#"""
find-a-professional,Get involved,Partner on Research,#,"href is ""#"""
community,(top of page),Subscribe,#,"href is ""#"""
community,(top of page),Partner on Research,#,"href is ""#"""
community,Foundation,Governance and financials,#,"href is ""#"""
community,Get involved,Donate,/donate/,target returns 404
community,Get involved,Accessibility,https://new.soilfoodweb.com/accessibility/,target returns 404
community,Get involved,Close Menu,#,"href is ""#"""
community,Get involved,Partner on Research,#,"href is ""#"""
news,(top of page),Subscribe,#,"href is ""#"""
news,(top of page),Partner on Research,#,"href is ""#"""
news,Foundation,Governance and financials,#,"href is ""#"""
news,Get involved,Donate,/donate/,target returns 404
news,Get involved,Accessibility,https://new.soilfoodweb.com/accessibility/,target returns 404
news,Get involved,Close Menu,#,"href is ""#"""
news,Get involved,Partner on Research,#,"href is ""#"""
calendar,(top of page),Subscribe,#,"href is ""#"""
calendar,(top of page),Partner on Research,#,"href is ""#"""
calendar,Events,Learn more,#,"href is ""#"""
calendar,Foundation,Governance and financials,#,"href is ""#"""
calendar,Get involved,Donate,/donate/,target returns 404
calendar,Get involved,Accessibility,https://new.soilfoodweb.com/accessibility/,target returns 404
calendar,Get involved,Close Menu,#,"href is ""#"""
calendar,Get involved,Partner on Research,#,"href is ""#"""
donations,(top of page),Subscribe,#,"href is ""#"""
donations,(top of page),Partner on Research,#,"href is ""#"""
donations,Foundation,Governance and financials,#,"href is ""#"""
donations,Get involved,Donate,/donate/,target returns 404
donations,Get involved,Accessibility,https://new.soilfoodweb.com/accessibility/,target returns 404
donations,Get involved,Close Menu,#,"href is ""#"""
donations,Get involved,Partner on Research,#,"href is ""#"""
contact,(top of page),Subscribe,#,"href is ""#"""
contact,(top of page),Partner on Research,#,"href is ""#"""
contact,Foundation,Governance and financials,#,"href is ""#"""
contact,Get involved,Donate,/donate/,target returns 404
contact,Get involved,Accessibility,https://new.soilfoodweb.com/accessibility/,target returns 404
contact,Get involved,Close Menu,#,"href is ""#"""
contact,Get involved,Partner on Research,#,"href is ""#"""
volunteer,(top of page),Subscribe,#,"href is ""#"""
volunteer,(top of page),Partner on Research,#,"href is ""#"""
volunteer,The woman who started it all,Read her published research →,#,"href is ""#"""
volunteer,Foundation,Governance and financials,#,"href is ""#"""
volunteer,Get involved,Donate,/donate/,target returns 404
volunteer,Get involved,Accessibility,https://new.soilfoodweb.com/accessibility/,target returns 404
volunteer,Get involved,Close Menu,#,"href is ""#"""
volunteer,Get involved,Partner on Research,#,"href is ""#"""
invite-us-to-speak,(top of page),Subscribe,#,"href is ""#"""
invite-us-to-speak,(top of page),Partner on Research,#,"href is ""#"""
invite-us-to-speak,Foundation,Governance and financials,#,"href is ""#"""
invite-us-to-speak,Get involved,Donate,/donate/,target returns 404
invite-us-to-speak,Get involved,Accessibility,https://new.soilfoodweb.com/accessibility/,target returns 404
invite-us-to-speak,Get involved,Close Menu,#,"href is ""#"""
invite-us-to-speak,Get involved,Partner on Research,#,"href is ""#"""
logo-brand-use,(top of page),Subscribe,#,"href is ""#"""
logo-brand-use,(top of page),Partner on Research,#,"href is ""#"""
logo-brand-use,Foundation,Governance and financials,#,"href is ""#"""
logo-brand-use,Get involved,Donate,/donate/,target returns 404
logo-brand-use,Get involved,Accessibility,https://new.soilfoodweb.com/accessibility/,target returns 404
logo-brand-use,Get involved,Close Menu,#,"href is ""#"""
logo-brand-use,Get involved,Partner on Research,#,"href is ""#"""
privacy,(top of page),Subscribe,#,"href is ""#"""
privacy,(top of page),Partner on Research,#,"href is ""#"""
privacy,Foundation,Governance and financials,#,"href is ""#"""
privacy,Get involved,Donate,/donate/,target returns 404
privacy,Get involved,Accessibility,https://new.soilfoodweb.com/accessibility/,target returns 404
privacy,Get involved,Close Menu,#,"href is ""#"""
privacy,Get involved,Partner on Research,#,"href is ""#"""
terms,(top of page),Subscribe,#,"href is ""#"""
terms,(top of page),Partner on Research,#,"href is ""#"""
terms,Foundation,Governance and financials,#,"href is ""#"""
terms,Get involved,Donate,/donate/,target returns 404
terms,Get involved,Accessibility,https://new.soilfoodweb.com/accessibility/,target returns 404
terms,Get involved,Close Menu,#,"href is ""#"""
terms,Get involved,Partner on Research,#,"href is ""#"""
team,(top of page),Subscribe,#,"href is ""#"""
team,(top of page),Partner on Research,#,"href is ""#"""
team,Foundation,Governance and financials,#,"href is ""#"""
team,Get involved,Donate,/donate/,target returns 404
team,Get involved,Accessibility,https://new.soilfoodweb.com/accessibility/,target returns 404
team,Get involved,Close Menu,#,"href is ""#"""
team,Get involved,Partner on Research,#,"href is ""#"""
nonprofit-landing,(top of page),Subscribe,#,"href is ""#"""
nonprofit-landing,(top of page),Partner on Research,#,"href is ""#"""
nonprofit-landing,View all,All,#,"href is ""#"""
nonprofit-landing,View all,Blog,#,"href is ""#"""
nonprofit-landing,View all,Events,#,"href is ""#"""
nonprofit-landing,View all,Features,#,"href is ""#"""
nonprofit-landing,View all,Foundation Update,#,"href is ""#"""
nonprofit-landing,View all,Microscopy,#,"href is ""#"""
nonprofit-landing,View all,Newsletter,#,"href is ""#"""
nonprofit-landing,View all,School Updates,#,"href is ""#"""
nonprofit-landing,View all,Science & Education,#,"href is ""#"""
nonprofit-landing,Foundation,Governance and financials,#,"href is ""#"""
nonprofit-landing,Get involved,Donate,/donate/,target returns 404
nonprofit-landing,Get involved,Accessibility,https://new.soilfoodweb.com/accessibility/,target returns 404
nonprofit-landing,Get involved,Close Menu,#,"href is ""#"""
nonprofit-landing,Get involved,Partner on Research,#,"href is ""#"""
templates,(top of page),Subscribe,#,"href is ""#"""
templates,(top of page),Partner on Research,#,"href is ""#"""
templates,Vision in Focus,Navigate to the next section,#,"href is ""#"""
templates,$599,(no label),#,"href is ""#"""
templates,SALIENT MAG,All,#,"href is ""#"""
templates,SALIENT MAG,Blog,#,"href is ""#"""
templates,SALIENT MAG,Events,#,"href is ""#"""
templates,SALIENT MAG,Features,#,"href is ""#"""
templates,SALIENT MAG,Foundation Update,#,"href is ""#"""
templates,SALIENT MAG,Microscopy,#,"href is ""#"""
templates,SALIENT MAG,Newsletter,#,"href is ""#"""
templates,SALIENT MAG,School Updates,#,"href is ""#"""
templates,SALIENT MAG,Science & Education,#,"href is ""#"""
templates,Stay up to date and never miss out.,All,#,"href is ""#"""
templates,Stay up to date and never miss out.,Blog,#,"href is ""#"""
templates,Stay up to date and never miss out.,Events,#,"href is ""#"""
templates,Stay up to date and never miss out.,Features,#,"href is ""#"""
templates,Stay up to date and never miss out.,Foundation Update,#,"href is ""#"""
templates,Stay up to date and never miss out.,Microscopy,#,"href is ""#"""
templates,Stay up to date and never miss out.,Newsletter,#,"href is ""#"""
templates,Stay up to date and never miss out.,School Updates,#,"href is ""#"""
templates,Stay up to date and never miss out.,Science & Education,#,"href is ""#"""
templates,"How A Rare Microscope Sighting Helps Deduce The Problem With Unhealthy Soil: Ciliates, Cysts, and the Clues Hiding in a Struggling Watermelon Crop",All,#,"href is ""#"""
templates,"How A Rare Microscope Sighting Helps Deduce The Problem With Unhealthy Soil: Ciliates, Cysts, and the Clues Hiding in a Struggling Watermelon Crop",Blog,#,"href is ""#"""
templates,"How A Rare Microscope Sighting Helps Deduce The Problem With Unhealthy Soil: Ciliates, Cysts, and the Clues Hiding in a Struggling Watermelon Crop",Events,#,"href is ""#"""
templates,"How A Rare Microscope Sighting Helps Deduce The Problem With Unhealthy Soil: Ciliates, Cysts, and the Clues Hiding in a Struggling Watermelon Crop",Features,#,"href is ""#"""
templates,"How A Rare Microscope Sighting Helps Deduce The Problem With Unhealthy Soil: Ciliates, Cysts, and the Clues Hiding in a Struggling Watermelon Crop",Foundation Update,#,"href is ""#"""
templates,"How A Rare Microscope Sighting Helps Deduce The Problem With Unhealthy Soil: Ciliates, Cysts, and the Clues Hiding in a Struggling Watermelon Crop",Microscopy,#,"href is ""#"""
templates,"How A Rare Microscope Sighting Helps Deduce The Problem With Unhealthy Soil: Ciliates, Cysts, and the Clues Hiding in a Struggling Watermelon Crop",Newsletter,#,"href is ""#"""
templates,"How A Rare Microscope Sighting Helps Deduce The Problem With Unhealthy Soil: Ciliates, Cysts, and the Clues Hiding in a Struggling Watermelon Crop",School Updates,#,"href is ""#"""
templates,"How A Rare Microscope Sighting Helps Deduce The Problem With Unhealthy Soil: Ciliates, Cysts, and the Clues Hiding in a Struggling Watermelon Crop",Science & Education,#,"href is ""#"""
templates,Soil Food Web School Advanced Programs Are Reopening!,All,#,"href is ""#"""
templates,Soil Food Web School Advanced Programs Are Reopening!,Blog,#,"href is ""#"""
templates,Soil Food Web School Advanced Programs Are Reopening!,Events,#,"href is ""#"""
templates,Soil Food Web School Advanced Programs Are Reopening!,Features,#,"href is ""#"""
templates,Soil Food Web School Advanced Programs Are Reopening!,Foundation Update,#,"href is ""#"""
templates,Soil Food Web School Advanced Programs Are Reopening!,Microscopy,#,"href is ""#"""
templates,Soil Food Web School Advanced Programs Are Reopening!,Newsletter,#,"href is ""#"""
templates,Soil Food Web School Advanced Programs Are Reopening!,School Updates,#,"href is ""#"""
templates,Soil Food Web School Advanced Programs Are Reopening!,Science & Education,#,"href is ""#"""
templates,View all,All,#,"href is ""#"""
templates,View all,Blog,#,"href is ""#"""
templates,View all,Events,#,"href is ""#"""
templates,View all,Features,#,"href is ""#"""
templates,View all,Foundation Update,#,"href is ""#"""
templates,View all,Microscopy,#,"href is ""#"""
templates,View all,Newsletter,#,"href is ""#"""
templates,View all,School Updates,#,"href is ""#"""
templates,View all,Science & Education,#,"href is ""#"""
templates,Foundation,Governance and financials,#,"href is ""#"""
templates,Get involved,Donate,/donate/,target returns 404
templates,Get involved,Accessibility,https://new.soilfoodweb.com/accessibility/,target returns 404
templates,Get involved,Close Menu,#,"href is ""#"""
templates,Get involved,Partner on Research,#,"href is ""#"""
directory-portal,(top of page),Subscribe,#,"href is ""#"""
directory-portal,(top of page),Partner on Research,#,"href is ""#"""
directory-portal,Foundation,Governance and financials,#,"href is ""#"""
directory-portal,Get involved,Donate,/donate/,target returns 404
directory-portal,Get involved,Accessibility,https://new.soilfoodweb.com/accessibility/,target returns 404
directory-portal,Get involved,Close Menu,#,"href is ""#"""
directory-portal,Get involved,Partner on Research,#,"href is ""#"""
templates-2,(top of page),Subscribe,#,"href is ""#"""
templates-2,(top of page),Partner on Research,#,"href is ""#"""
templates-2,Filter,All,#,"href is ""#"""
templates-2,Filter,Blog,#,"href is ""#"""
templates-2,Filter,Events,#,"href is ""#"""
templates-2,Filter,Features,#,"href is ""#"""
templates-2,Filter,Foundation Update,#,"href is ""#"""
templates-2,Filter,Microscopy,#,"href is ""#"""
templates-2,Filter,Newsletter,#,"href is ""#"""
templates-2,Filter,School Updates,#,"href is ""#"""
templates-2,Filter,Science & Education,#,"href is ""#"""
templates-2,Foundation,Governance and financials,#,"href is ""#"""
templates-2,Get involved,Donate,/donate/,target returns 404
templates-2,Get involved,Accessibility,https://new.soilfoodweb.com/accessibility/,target returns 404
templates-2,Get involved,Close Menu,#,"href is ""#"""
templates-2,Get involved,Partner on Research,#,"href is ""#"""
foundation-legal,(top of page),Subscribe,#,"href is ""#"""
foundation-legal,(top of page),Partner on Research,#,"href is ""#"""
foundation-legal,Foundation,Governance and financials,#,"href is ""#"""
foundation-legal,Get involved,Donate,/donate/,target returns 404
foundation-legal,Get involved,Accessibility,https://new.soilfoodweb.com/accessibility/,target returns 404
foundation-legal,Get involved,Close Menu,#,"href is ""#"""
foundation-legal,Get involved,Partner on Research,#,"href is ""#"""
contact-info,(top of page),Subscribe,#,"href is ""#"""
contact-info,(top of page),Partner on Research,#,"href is ""#"""
contact-info,Foundation,Governance and financials,#,"href is ""#"""
contact-info,Get involved,Donate,/donate/,target returns 404
contact-info,Get involved,Accessibility,https://new.soilfoodweb.com/accessibility/,target returns 404
contact-info,Get involved,Close Menu,#,"href is ""#"""
contact-info,Get involved,Partner on Research,#,"href is ""#"""
sfw-directory,(top of page),Subscribe,#,"href is ""#"""
sfw-directory,(top of page),Partner on Research,#,"href is ""#"""
sfw-directory,Foundation,Governance and financials,#,"href is ""#"""
sfw-directory,Get involved,Donate,/donate/,target returns 404
sfw-directory,Get involved,Accessibility,https://new.soilfoodweb.com/accessibility/,target returns 404
sfw-directory,Get involved,Close Menu,#,"href is ""#"""
sfw-directory,Get involved,Partner on Research,#,"href is ""#"""
student-map,(top of page),Subscribe,#,"href is ""#"""
student-map,(top of page),Partner on Research,#,"href is ""#"""
student-map,Foundation,Governance and financials,#,"href is ""#"""
student-map,Get involved,Donate,/donate/,target returns 404
student-map,Get involved,Accessibility,https://new.soilfoodweb.com/accessibility/,target returns 404
student-map,Get involved,Close Menu,#,"href is ""#"""
student-map,Get involved,Partner on Research,#,"href is ""#"""
programs-carousel-preview,(top of page),Subscribe,#,"href is ""#"""
programs-carousel-preview,(top of page),Partner on Research,#,"href is ""#"""
programs-carousel-preview,Advanced Field Trial,Permaculture Design Certification,http://localhost:8080/learn/,points to localhost
programs-carousel-preview,Advanced Field Trial,Permaculture Design Certification,http://localhost:8080/learn/,points to localhost
programs-carousel-preview,Permaculture Design Certification,See the Permaculture Design Certification →,http://localhost:8080/learn/,points to localhost
programs-carousel-preview,Foundation,Governance and financials,#,"href is ""#"""
programs-carousel-preview,Get involved,Donate,/donate/,target returns 404
programs-carousel-preview,Get involved,Accessibility,https://new.soilfoodweb.com/accessibility/,target returns 404
programs-carousel-preview,Get involved,Close Menu,#,"href is ""#"""
programs-carousel-preview,Get involved,Partner on Research,#,"href is ""#"""
timeline-preview,(top of page),Subscribe,#,"href is ""#"""
timeline-preview,(top of page),Partner on Research,#,"href is ""#"""
timeline-preview,Foundation,Governance and financials,#,"href is ""#"""
timeline-preview,Get involved,Donate,/donate/,target returns 404
timeline-preview,Get involved,Accessibility,https://new.soilfoodweb.com/accessibility/,target returns 404
timeline-preview,Get involved,Close Menu,#,"href is ""#"""
timeline-preview,Get involved,Partner on Research,#,"href is ""#"""
scholarship-opportunities,(top of page),Subscribe,#,"href is ""#"""
scholarship-opportunities,(top of page),Partner on Research,#,"href is ""#"""
scholarship-opportunities,Foundation,Governance and financials,#,"href is ""#"""
scholarship-opportunities,Get involved,Donate,/donate/,target returns 404
scholarship-opportunities,Get involved,Accessibility,https://new.soilfoodweb.com/accessibility/,target returns 404
scholarship-opportunities,Get involved,Close Menu,#,"href is ""#"""
scholarship-opportunities,Get involved,Partner on Research,#,"href is ""#"""
ciliates-soil-health-microscope-watermelon-crop,(top of page),Subscribe,#,"href is ""#"""
ciliates-soil-health-microscope-watermelon-crop,(top of page),Partner on Research,#,"href is ""#"""
ciliates-soil-health-microscope-watermelon-crop,"How A Rare Microscope Sighting Helps Deduce The Problem With Unhealthy Soil: Ciliates, Cysts, and the Clues Hiding in a Struggling Watermelon Crop",as weeds,https://soilfoodweb.com/resources/animations-videos/?vID=372479571&h=4cced96d80,points to the old site
ciliates-soil-health-microscope-watermelon-crop,"How A Rare Microscope Sighting Helps Deduce The Problem With Unhealthy Soil: Ciliates, Cysts, and the Clues Hiding in a Struggling Watermelon Crop",nutrients it needs,https://soilfoodweb.com/resources/animations-videos/?vID=372474782&h=a5ae5edb4a,points to the old site
ciliates-soil-health-microscope-watermelon-crop,"How A Rare Microscope Sighting Helps Deduce The Problem With Unhealthy Soil: Ciliates, Cysts, and the Clues Hiding in a Struggling Watermelon Crop",certified consultant,https://soilfoodweb.com/certified-listing-directory/,points to the old site
ciliates-soil-health-microscope-watermelon-crop,🌱 Join the Free Webinar Series: A Living Legacy — The Science of the Soil Food Web,Share,#,"href is ""#"""
ciliates-soil-health-microscope-watermelon-crop,🌱 Join the Free Webinar Series: A Living Legacy — The Science of the Soil Food Web,Share,#,"href is ""#"""
ciliates-soil-health-microscope-watermelon-crop,🌱 Join the Free Webinar Series: A Living Legacy — The Science of the Soil Food Web,Share,#,"href is ""#"""
ciliates-soil-health-microscope-watermelon-crop,🌱 Join the Free Webinar Series: A Living Legacy — The Science of the Soil Food Web,Share,#,"href is ""#"""
ciliates-soil-health-microscope-watermelon-crop,🌱 Join the Free Webinar Series: A Living Legacy — The Science of the Soil Food Web,Pin,#,"href is ""#"""
ciliates-soil-health-microscope-watermelon-crop,Foundation,Governance and financials,#,"href is ""#"""
ciliates-soil-health-microscope-watermelon-crop,Get involved,Donate,/donate/,target returns 404
ciliates-soil-health-microscope-watermelon-crop,Get involved,Accessibility,https://new.soilfoodweb.com/accessibility/,target returns 404
ciliates-soil-health-microscope-watermelon-crop,Get involved,Close Menu,#,"href is ""#"""
ciliates-soil-health-microscope-watermelon-crop,Get involved,Partner on Research,#,"href is ""#"""
soil-food-web-school-first-permaculture-design-certificate-course,(top of page),Subscribe,#,"href is ""#"""
soil-food-web-school-first-permaculture-design-certificate-course,(top of page),Partner on Research,#,"href is ""#"""
soil-food-web-school-first-permaculture-design-certificate-course,A Note from the Soil Food Web Foundation,www.soilfoodweb.com,http://www.soilfoodweb.com,points to the old site
soil-food-web-school-first-permaculture-design-certificate-course,Soil Food Web Foundation Launches as Nonprofit to Carry Forward Dr. Elaine Ingham’s Legacy,Share,#,"href is ""#"""
soil-food-web-school-first-permaculture-design-certificate-course,Soil Food Web Foundation Launches as Nonprofit to Carry Forward Dr. Elaine Ingham’s Legacy,Share,#,"href is ""#"""
soil-food-web-school-first-permaculture-design-certificate-course,Soil Food Web Foundation Launches as Nonprofit to Carry Forward Dr. Elaine Ingham’s Legacy,Share,#,"href is ""#"""
soil-food-web-school-first-permaculture-design-certificate-course,Soil Food Web Foundation Launches as Nonprofit to Carry Forward Dr. Elaine Ingham’s Legacy,Share,#,"href is ""#"""
soil-food-web-school-first-permaculture-design-certificate-course,Soil Food Web Foundation Launches as Nonprofit to Carry Forward Dr. Elaine Ingham’s Legacy,Pin,#,"href is ""#"""
soil-food-web-school-first-permaculture-design-certificate-course,Foundation,Governance and financials,#,"href is ""#"""
soil-food-web-school-first-permaculture-design-certificate-course,Get involved,Donate,/donate/,target returns 404
soil-food-web-school-first-permaculture-design-certificate-course,Get involved,Accessibility,https://new.soilfoodweb.com/accessibility/,target returns 404
soil-food-web-school-first-permaculture-design-certificate-course,Get involved,Close Menu,#,"href is ""#"""
soil-food-web-school-first-permaculture-design-certificate-course,Get involved,Partner on Research,#,"href is ""#"""
soil-food-web-advanced-programs-reopen-2026,(top of page),Subscribe,#,"href is ""#"""
soil-food-web-advanced-programs-reopen-2026,(top of page),Partner on Research,#,"href is ""#"""
soil-food-web-advanced-programs-reopen-2026,Frequently Asked Questions (FAQ),Soil Food Web,https://soilfoodweb.com/resources/animations-videos/?vID=372925873&h=707aa77aa3,points to the old site
soil-food-web-advanced-programs-reopen-2026,Retirement Announcement: Dr. Elaine Ingham,Share,#,"href is ""#"""
soil-food-web-advanced-programs-reopen-2026,Retirement Announcement: Dr. Elaine Ingham,Share,#,"href is ""#"""
soil-food-web-advanced-programs-reopen-2026,Retirement Announcement: Dr. Elaine Ingham,Share,#,"href is ""#"""
soil-food-web-advanced-programs-reopen-2026,Retirement Announcement: Dr. Elaine Ingham,Share,#,"href is ""#"""
soil-food-web-advanced-programs-reopen-2026,Retirement Announcement: Dr. Elaine Ingham,Pin,#,"href is ""#"""
soil-food-web-advanced-programs-reopen-2026,Foundation,Governance and financials,#,"href is ""#"""
soil-food-web-advanced-programs-reopen-2026,Get involved,Donate,/donate/,target returns 404
soil-food-web-advanced-programs-reopen-2026,Get involved,Accessibility,https://new.soilfoodweb.com/accessibility/,target returns 404
soil-food-web-advanced-programs-reopen-2026,Get involved,Close Menu,#,"href is ""#"""
soil-food-web-advanced-programs-reopen-2026,Get involved,Partner on Research,#,"href is ""#"""
obituary-for-dr-elaine-ingham,(top of page),Subscribe,#,"href is ""#"""
obituary-for-dr-elaine-ingham,(top of page),Partner on Research,#,"href is ""#"""
obituary-for-dr-elaine-ingham,Retirement Announcement: Dr. Elaine Ingham,Share,#,"href is ""#"""
obituary-for-dr-elaine-ingham,Retirement Announcement: Dr. Elaine Ingham,Share,#,"href is ""#"""
obituary-for-dr-elaine-ingham,Retirement Announcement: Dr. Elaine Ingham,Share,#,"href is ""#"""
obituary-for-dr-elaine-ingham,Retirement Announcement: Dr. Elaine Ingham,Share,#,"href is ""#"""
obituary-for-dr-elaine-ingham,Retirement Announcement: Dr. Elaine Ingham,Pin,#,"href is ""#"""
obituary-for-dr-elaine-ingham,Foundation,Governance and financials,#,"href is ""#"""
obituary-for-dr-elaine-ingham,Get involved,Donate,/donate/,target returns 404
obituary-for-dr-elaine-ingham,Get involved,Accessibility,https://new.soilfoodweb.com/accessibility/,target returns 404
obituary-for-dr-elaine-ingham,Get involved,Close Menu,#,"href is ""#"""
obituary-for-dr-elaine-ingham,Get involved,Partner on Research,#,"href is ""#"""
soil-food-web-foundation-welcomes-eric-feiler,(top of page),Subscribe,#,"href is ""#"""
soil-food-web-foundation-welcomes-eric-feiler,(top of page),Partner on Research,#,"href is ""#"""
soil-food-web-foundation-welcomes-eric-feiler,October 2025 – Newsletter,Share,#,"href is ""#"""
soil-food-web-foundation-welcomes-eric-feiler,October 2025 – Newsletter,Share,#,"href is ""#"""
soil-food-web-foundation-welcomes-eric-feiler,October 2025 – Newsletter,Share,#,"href is ""#"""
soil-food-web-foundation-welcomes-eric-feiler,October 2025 – Newsletter,Share,#,"href is ""#"""
soil-food-web-foundation-welcomes-eric-feiler,October 2025 – Newsletter,Pin,#,"href is ""#"""
soil-food-web-foundation-welcomes-eric-feiler,Foundation,Governance and financials,#,"href is ""#"""
soil-food-web-foundation-welcomes-eric-feiler,Get involved,Donate,/donate/,target returns 404
soil-food-web-foundation-welcomes-eric-feiler,Get involved,Accessibility,https://new.soilfoodweb.com/accessibility/,target returns 404
soil-food-web-foundation-welcomes-eric-feiler,Get involved,Close Menu,#,"href is ""#"""
soil-food-web-foundation-welcomes-eric-feiler,Get involved,Partner on Research,#,"href is ""#"""
2025-in-review-a-time-of-transition-honoring-our-founder-and-guiding-spirit-building-stronger-community-and-preparing-for-a-bright-future,(top of page),Subscribe,#,"href is ""#"""
2025-in-review-a-time-of-transition-honoring-our-founder-and-guiding-spirit-building-stronger-community-and-preparing-for-a-bright-future,(top of page),Partner on Research,#,"href is ""#"""
2025-in-review-a-time-of-transition-honoring-our-founder-and-guiding-spirit-building-stronger-community-and-preparing-for-a-bright-future,"2025 in Review: A time of transition – honoring our founder and guiding spirit, building stronger community, and preparing for a bright future",retired this past October,https://soilfoodweb.com/retirement-announcement-dr-elaine-ingham/,points to the old site
2025-in-review-a-time-of-transition-honoring-our-founder-and-guiding-spirit-building-stronger-community-and-preparing-for-a-bright-future,"2025 in Review: A time of transition – honoring our founder and guiding spirit, building stronger community, and preparing for a bright future",school mentors,https://soilfoodweb.com/about/,points to the old site
2025-in-review-a-time-of-transition-honoring-our-founder-and-guiding-spirit-building-stronger-community-and-preparing-for-a-bright-future,"2025 in Review: A time of transition – honoring our founder and guiding spirit, building stronger community, and preparing for a bright future",regenerative farm,https://soilfoodweb.com/october-2025-newsletter/#gettingthewordout,points to the old site
2025-in-review-a-time-of-transition-honoring-our-founder-and-guiding-spirit-building-stronger-community-and-preparing-for-a-bright-future,"2025 in Review: A time of transition – honoring our founder and guiding spirit, building stronger community, and preparing for a bright future",finalized in October,https://soilfoodweb.com/soil-food-web-foundation-launches-as-nonprofit-to-carry-forward-dr-elaine-inghams-legacy/,points to the old site
2025-in-review-a-time-of-transition-honoring-our-founder-and-guiding-spirit-building-stronger-community-and-preparing-for-a-bright-future,Leave a Reply Cancel Reply,Share,#,"href is ""#"""
2025-in-review-a-time-of-transition-honoring-our-founder-and-guiding-spirit-building-stronger-community-and-preparing-for-a-bright-future,Leave a Reply Cancel Reply,Share,#,"href is ""#"""
2025-in-review-a-time-of-transition-honoring-our-founder-and-guiding-spirit-building-stronger-community-and-preparing-for-a-bright-future,Leave a Reply Cancel Reply,Share,#,"href is ""#"""
2025-in-review-a-time-of-transition-honoring-our-founder-and-guiding-spirit-building-stronger-community-and-preparing-for-a-bright-future,Leave a Reply Cancel Reply,Share,#,"href is ""#"""
2025-in-review-a-time-of-transition-honoring-our-founder-and-guiding-spirit-building-stronger-community-and-preparing-for-a-bright-future,Leave a Reply Cancel Reply,Pin,#,"href is ""#"""
2025-in-review-a-time-of-transition-honoring-our-founder-and-guiding-spirit-building-stronger-community-and-preparing-for-a-bright-future,Foundation,Governance and financials,#,"href is ""#"""
2025-in-review-a-time-of-transition-honoring-our-founder-and-guiding-spirit-building-stronger-community-and-preparing-for-a-bright-future,Get involved,Donate,/donate/,target returns 404
2025-in-review-a-time-of-transition-honoring-our-founder-and-guiding-spirit-building-stronger-community-and-preparing-for-a-bright-future,Get involved,Accessibility,https://new.soilfoodweb.com/accessibility/,target returns 404
2025-in-review-a-time-of-transition-honoring-our-founder-and-guiding-spirit-building-stronger-community-and-preparing-for-a-bright-future,Get involved,Close Menu,#,"href is ""#"""
2025-in-review-a-time-of-transition-honoring-our-founder-and-guiding-spirit-building-stronger-community-and-preparing-for-a-bright-future,Get involved,Partner on Research,#,"href is ""#"""
join-the-free-webinar-series-a-living-legacy-the-science-of-the-soil-food-web,(top of page),Subscribe,#,"href is ""#"""
join-the-free-webinar-series-a-living-legacy-the-science-of-the-soil-food-web,(top of page),Partner on Research,#,"href is ""#"""
join-the-free-webinar-series-a-living-legacy-the-science-of-the-soil-food-web,Leave a Reply Cancel Reply,Share,#,"href is ""#"""
join-the-free-webinar-series-a-living-legacy-the-science-of-the-soil-food-web,Leave a Reply Cancel Reply,Share,#,"href is ""#"""
join-the-free-webinar-series-a-living-legacy-the-science-of-the-soil-food-web,Leave a Reply Cancel Reply,Share,#,"href is ""#"""
join-the-free-webinar-series-a-living-legacy-the-science-of-the-soil-food-web,Leave a Reply Cancel Reply,Share,#,"href is ""#"""
join-the-free-webinar-series-a-living-legacy-the-science-of-the-soil-food-web,Leave a Reply Cancel Reply,Pin,#,"href is ""#"""
join-the-free-webinar-series-a-living-legacy-the-science-of-the-soil-food-web,Foundation,Governance and financials,#,"href is ""#"""
join-the-free-webinar-series-a-living-legacy-the-science-of-the-soil-food-web,Get involved,Donate,/donate/,target returns 404
join-the-free-webinar-series-a-living-legacy-the-science-of-the-soil-food-web,Get involved,Accessibility,https://new.soilfoodweb.com/accessibility/,target returns 404
join-the-free-webinar-series-a-living-legacy-the-science-of-the-soil-food-web,Get involved,Close Menu,#,"href is ""#"""
join-the-free-webinar-series-a-living-legacy-the-science-of-the-soil-food-web,Get involved,Partner on Research,#,"href is ""#"""
soil-health-week-2025-wild-soils-uk-and-trashit-bring-the-soil-food-web-approach-to-pakistan,(top of page),Subscribe,#,"href is ""#"""
soil-health-week-2025-wild-soils-uk-and-trashit-bring-the-soil-food-web-approach-to-pakistan,(top of page),Partner on Research,#,"href is ""#"""
soil-health-week-2025-wild-soils-uk-and-trashit-bring-the-soil-food-web-approach-to-pakistan,Leave a Reply Cancel Reply,Share,#,"href is ""#"""
soil-health-week-2025-wild-soils-uk-and-trashit-bring-the-soil-food-web-approach-to-pakistan,Leave a Reply Cancel Reply,Share,#,"href is ""#"""
soil-health-week-2025-wild-soils-uk-and-trashit-bring-the-soil-food-web-approach-to-pakistan,Leave a Reply Cancel Reply,Share,#,"href is ""#"""
soil-health-week-2025-wild-soils-uk-and-trashit-bring-the-soil-food-web-approach-to-pakistan,Leave a Reply Cancel Reply,Share,#,"href is ""#"""
soil-health-week-2025-wild-soils-uk-and-trashit-bring-the-soil-food-web-approach-to-pakistan,Leave a Reply Cancel Reply,Pin,#,"href is ""#"""
soil-health-week-2025-wild-soils-uk-and-trashit-bring-the-soil-food-web-approach-to-pakistan,Foundation,Governance and financials,#,"href is ""#"""
soil-health-week-2025-wild-soils-uk-and-trashit-bring-the-soil-food-web-approach-to-pakistan,Get involved,Donate,/donate/,target returns 404
soil-health-week-2025-wild-soils-uk-and-trashit-bring-the-soil-food-web-approach-to-pakistan,Get involved,Accessibility,https://new.soilfoodweb.com/accessibility/,target returns 404
soil-health-week-2025-wild-soils-uk-and-trashit-bring-the-soil-food-web-approach-to-pakistan,Get involved,Close Menu,#,"href is ""#"""
soil-health-week-2025-wild-soils-uk-and-trashit-bring-the-soil-food-web-approach-to-pakistan,Get involved,Partner on Research,#,"href is ""#"""
soil-food-web-foundation-launches-as-nonprofit-to-carry-forward-dr-elaine-inghams-legacy,(top of page),Subscribe,#,"href is ""#"""
soil-food-web-foundation-launches-as-nonprofit-to-carry-forward-dr-elaine-inghams-legacy,(top of page),Partner on Research,#,"href is ""#"""
soil-food-web-foundation-launches-as-nonprofit-to-carry-forward-dr-elaine-inghams-legacy,Soil Food Web Foundation Launches as Nonprofit to Carry Forward Dr. Elaine Ingham’s Legacy,recent retirement,https://www.soilfoodweb.com/retirement-announcement-dr-elaine-ingham/,points to the old site
soil-food-web-foundation-launches-as-nonprofit-to-carry-forward-dr-elaine-inghams-legacy,Leave a Reply Cancel Reply,Share,#,"href is ""#"""
soil-food-web-foundation-launches-as-nonprofit-to-carry-forward-dr-elaine-inghams-legacy,Leave a Reply Cancel Reply,Share,#,"href is ""#"""
soil-food-web-foundation-launches-as-nonprofit-to-carry-forward-dr-elaine-inghams-legacy,Leave a Reply Cancel Reply,Share,#,"href is ""#"""
soil-food-web-foundation-launches-as-nonprofit-to-carry-forward-dr-elaine-inghams-legacy,Leave a Reply Cancel Reply,Share,#,"href is ""#"""
soil-food-web-foundation-launches-as-nonprofit-to-carry-forward-dr-elaine-inghams-legacy,Leave a Reply Cancel Reply,Pin,#,"href is ""#"""
soil-food-web-foundation-launches-as-nonprofit-to-carry-forward-dr-elaine-inghams-legacy,Foundation,Governance and financials,#,"href is ""#"""
soil-food-web-foundation-launches-as-nonprofit-to-carry-forward-dr-elaine-inghams-legacy,Get involved,Donate,/donate/,target returns 404
soil-food-web-foundation-launches-as-nonprofit-to-carry-forward-dr-elaine-inghams-legacy,Get involved,Accessibility,https://new.soilfoodweb.com/accessibility/,target returns 404
soil-food-web-foundation-launches-as-nonprofit-to-carry-forward-dr-elaine-inghams-legacy,Get involved,Close Menu,#,"href is ""#"""
soil-food-web-foundation-launches-as-nonprofit-to-carry-forward-dr-elaine-inghams-legacy,Get involved,Partner on Research,#,"href is ""#"""
retirement-announcement-dr-elaine-ingham,(top of page),Subscribe,#,"href is ""#"""
retirement-announcement-dr-elaine-ingham,(top of page),Partner on Research,#,"href is ""#"""
retirement-announcement-dr-elaine-ingham,Leave a Reply Cancel Reply,Share,#,"href is ""#"""
retirement-announcement-dr-elaine-ingham,Leave a Reply Cancel Reply,Share,#,"href is ""#"""
retirement-announcement-dr-elaine-ingham,Leave a Reply Cancel Reply,Share,#,"href is ""#"""
retirement-announcement-dr-elaine-ingham,Leave a Reply Cancel Reply,Share,#,"href is ""#"""
retirement-announcement-dr-elaine-ingham,Leave a Reply Cancel Reply,Pin,#,"href is ""#"""
retirement-announcement-dr-elaine-ingham,Foundation,Governance and financials,#,"href is ""#"""
retirement-announcement-dr-elaine-ingham,Get involved,Donate,/donate/,target returns 404
retirement-announcement-dr-elaine-ingham,Get involved,Accessibility,https://new.soilfoodweb.com/accessibility/,target returns 404
retirement-announcement-dr-elaine-ingham,Get involved,Close Menu,#,"href is ""#"""
retirement-announcement-dr-elaine-ingham,Get involved,Partner on Research,#,"href is ""#"""
october-2025-newsletter,(top of page),Subscribe,#,"href is ""#"""
october-2025-newsletter,(top of page),Partner on Research,#,"href is ""#"""
october-2025-newsletter,Getting the word out,this newsletter,https://www.soilfoodweb.com/beneath-the-surface-a-soil-food-web-school-newsletter/,points to the old site
october-2025-newsletter,Getting the word out,Spoil Sponge Workshop,https://www.soilfoodweb.com/soil-sponge-regeneration-workshop/,points to the old site
october-2025-newsletter,Leave a Reply Cancel Reply,Share,#,"href is ""#"""
october-2025-newsletter,Leave a Reply Cancel Reply,Share,#,"href is ""#"""
october-2025-newsletter,Leave a Reply Cancel Reply,Share,#,"href is ""#"""
october-2025-newsletter,Leave a Reply Cancel Reply,Share,#,"href is ""#"""
october-2025-newsletter,Leave a Reply Cancel Reply,Pin,#,"href is ""#"""
october-2025-newsletter,Foundation,Governance and financials,#,"href is ""#"""
october-2025-newsletter,Get involved,Donate,/donate/,target returns 404
october-2025-newsletter,Get involved,Accessibility,https://new.soilfoodweb.com/accessibility/,target returns 404
october-2025-newsletter,Get involved,Close Menu,#,"href is ""#"""
october-2025-newsletter,Get involved,Partner on Research,#,"href is ""#"""
help-us-celebrate-food-knowledge-and-culture-in-sacramento-this-september,(top of page),Subscribe,#,"href is ""#"""
help-us-celebrate-food-knowledge-and-culture-in-sacramento-this-september,(top of page),Partner on Research,#,"href is ""#"""
help-us-celebrate-food-knowledge-and-culture-in-sacramento-this-september,Leave a Reply Cancel Reply,Share,#,"href is ""#"""
help-us-celebrate-food-knowledge-and-culture-in-sacramento-this-september,Leave a Reply Cancel Reply,Share,#,"href is ""#"""
help-us-celebrate-food-knowledge-and-culture-in-sacramento-this-september,Leave a Reply Cancel Reply,Share,#,"href is ""#"""
help-us-celebrate-food-knowledge-and-culture-in-sacramento-this-september,Leave a Reply Cancel Reply,Share,#,"href is ""#"""
help-us-celebrate-food-knowledge-and-culture-in-sacramento-this-september,Leave a Reply Cancel Reply,Pin,#,"href is ""#"""
help-us-celebrate-food-knowledge-and-culture-in-sacramento-this-september,Foundation,Governance and financials,#,"href is ""#"""
help-us-celebrate-food-knowledge-and-culture-in-sacramento-this-september,Get involved,Donate,/donate/,target returns 404
help-us-celebrate-food-knowledge-and-culture-in-sacramento-this-september,Get involved,Accessibility,https://new.soilfoodweb.com/accessibility/,target returns 404
help-us-celebrate-food-knowledge-and-culture-in-sacramento-this-september,Get involved,Close Menu,#,"href is ""#"""
help-us-celebrate-food-knowledge-and-culture-in-sacramento-this-september,Get involved,Partner on Research,#,"href is ""#"""
student-profile-su-kahumbu-stephanou,(top of page),Subscribe,#,"href is ""#"""
student-profile-su-kahumbu-stephanou,(top of page),Partner on Research,#,"href is ""#"""
student-profile-su-kahumbu-stephanou,Leave a Reply Cancel Reply,Share,#,"href is ""#"""
student-profile-su-kahumbu-stephanou,Leave a Reply Cancel Reply,Share,#,"href is ""#"""
student-profile-su-kahumbu-stephanou,Leave a Reply Cancel Reply,Share,#,"href is ""#"""
student-profile-su-kahumbu-stephanou,Leave a Reply Cancel Reply,Share,#,"href is ""#"""
student-profile-su-kahumbu-stephanou,Leave a Reply Cancel Reply,Pin,#,"href is ""#"""
student-profile-su-kahumbu-stephanou,Foundation,Governance and financials,#,"href is ""#"""
student-profile-su-kahumbu-stephanou,Get involved,Donate,/donate/,target returns 404
student-profile-su-kahumbu-stephanou,Get involved,Accessibility,https://new.soilfoodweb.com/accessibility/,target returns 404
student-profile-su-kahumbu-stephanou,Get involved,Close Menu,#,"href is ""#"""
student-profile-su-kahumbu-stephanou,Get involved,Partner on Research,#,"href is ""#"""
celebrating-world-soil-day-2024,(top of page),Subscribe,#,"href is ""#"""
celebrating-world-soil-day-2024,(top of page),Partner on Research,#,"href is ""#"""
celebrating-world-soil-day-2024,Nurturing Our Earth’s Lifeline: Steps We Can Take to Improve Soil Health,nutrient cycling,https://www.soilfoodweb.com/resources/animations-videos/?vID=372474782&h=a5ae5edb4a,points to the old site
celebrating-world-soil-day-2024,Nurturing Our Earth’s Lifeline: Steps We Can Take to Improve Soil Health,soil structure,https://www.soilfoodweb.com/resources/animations-videos/?vID=372476056&h=fd05a7dc60,points to the old site
celebrating-world-soil-day-2024,Nurturing Our Earth’s Lifeline: Steps We Can Take to Improve Soil Health,significant carbon sink,https://www.soilfoodweb.com/resources/animations-videos/?vID=372478833&h=7c10d53c26,points to the old site
celebrating-world-soil-day-2024,Leave a Reply Cancel Reply,Share,#,"href is ""#"""
celebrating-world-soil-day-2024,Leave a Reply Cancel Reply,Share,#,"href is ""#"""
celebrating-world-soil-day-2024,Leave a Reply Cancel Reply,Share,#,"href is ""#"""
celebrating-world-soil-day-2024,Leave a Reply Cancel Reply,Share,#,"href is ""#"""
celebrating-world-soil-day-2024,Leave a Reply Cancel Reply,Pin,#,"href is ""#"""
celebrating-world-soil-day-2024,Foundation,Governance and financials,#,"href is ""#"""
celebrating-world-soil-day-2024,Get involved,Donate,/donate/,target returns 404
celebrating-world-soil-day-2024,Get involved,Accessibility,https://new.soilfoodweb.com/accessibility/,target returns 404
celebrating-world-soil-day-2024,Get involved,Close Menu,#,"href is ""#"""
celebrating-world-soil-day-2024,Get involved,Partner on Research,#,"href is ""#"""
a-blueprint-to-return-to-the-garden-of-eden,(top of page),Subscribe,#,"href is ""#"""
a-blueprint-to-return-to-the-garden-of-eden,(top of page),Partner on Research,#,"href is ""#"""
a-blueprint-to-return-to-the-garden-of-eden,Leave a Reply Cancel Reply,Share,#,"href is ""#"""
a-blueprint-to-return-to-the-garden-of-eden,Leave a Reply Cancel Reply,Share,#,"href is ""#"""
a-blueprint-to-return-to-the-garden-of-eden,Leave a Reply Cancel Reply,Share,#,"href is ""#"""
a-blueprint-to-return-to-the-garden-of-eden,Leave a Reply Cancel Reply,Share,#,"href is ""#"""
a-blueprint-to-return-to-the-garden-of-eden,Leave a Reply Cancel Reply,Pin,#,"href is ""#"""
a-blueprint-to-return-to-the-garden-of-eden,Foundation,Governance and financials,#,"href is ""#"""
a-blueprint-to-return-to-the-garden-of-eden,Get involved,Donate,/donate/,target returns 404
a-blueprint-to-return-to-the-garden-of-eden,Get involved,Accessibility,https://new.soilfoodweb.com/accessibility/,target returns 404
a-blueprint-to-return-to-the-garden-of-eden,Get involved,Close Menu,#,"href is ""#"""
a-blueprint-to-return-to-the-garden-of-eden,Get involved,Partner on Research,#,"href is ""#"""
exploring-soil-food-web-innovations-in-west-africa,(top of page),Subscribe,#,"href is ""#"""
exploring-soil-food-web-innovations-in-west-africa,(top of page),Partner on Research,#,"href is ""#"""
exploring-soil-food-web-innovations-in-west-africa,Leave a Reply Cancel Reply,Share,#,"href is ""#"""
exploring-soil-food-web-innovations-in-west-africa,Leave a Reply Cancel Reply,Share,#,"href is ""#"""
exploring-soil-food-web-innovations-in-west-africa,Leave a Reply Cancel Reply,Share,#,"href is ""#"""
exploring-soil-food-web-innovations-in-west-africa,Leave a Reply Cancel Reply,Share,#,"href is ""#"""
exploring-soil-food-web-innovations-in-west-africa,Leave a Reply Cancel Reply,Pin,#,"href is ""#"""
exploring-soil-food-web-innovations-in-west-africa,Foundation,Governance and financials,#,"href is ""#"""
exploring-soil-food-web-innovations-in-west-africa,Get involved,Donate,/donate/,target returns 404
exploring-soil-food-web-innovations-in-west-africa,Get involved,Accessibility,https://new.soilfoodweb.com/accessibility/,target returns 404
exploring-soil-food-web-innovations-in-west-africa,Get involved,Close Menu,#,"href is ""#"""
exploring-soil-food-web-innovations-in-west-africa,Get involved,Partner on Research,#,"href is ""#"""
unconditional-freedom-at-home-and-in-the-world,(top of page),Subscribe,#,"href is ""#"""
unconditional-freedom-at-home-and-in-the-world,(top of page),Partner on Research,#,"href is ""#"""
unconditional-freedom-at-home-and-in-the-world,Leave a Reply Cancel Reply,Share,#,"href is ""#"""
unconditional-freedom-at-home-and-in-the-world,Leave a Reply Cancel Reply,Share,#,"href is ""#"""
unconditional-freedom-at-home-and-in-the-world,Leave a Reply Cancel Reply,Share,#,"href is ""#"""
unconditional-freedom-at-home-and-in-the-world,Leave a Reply Cancel Reply,Share,#,"href is ""#"""
unconditional-freedom-at-home-and-in-the-world,Leave a Reply Cancel Reply,Pin,#,"href is ""#"""
unconditional-freedom-at-home-and-in-the-world,Foundation,Governance and financials,#,"href is ""#"""
unconditional-freedom-at-home-and-in-the-world,Get involved,Donate,/donate/,target returns 404
unconditional-freedom-at-home-and-in-the-world,Get involved,Accessibility,https://new.soilfoodweb.com/accessibility/,target returns 404
unconditional-freedom-at-home-and-in-the-world,Get involved,Close Menu,#,"href is ""#"""
unconditional-freedom-at-home-and-in-the-world,Get involved,Partner on Research,#,"href is ""#"""
sadhguru-and-the-soil-food-web,(top of page),Subscribe,#,"href is ""#"""
sadhguru-and-the-soil-food-web,(top of page),Partner on Research,#,"href is ""#"""
sadhguru-and-the-soil-food-web,Leave a Reply Cancel Reply,Share,#,"href is ""#"""
sadhguru-and-the-soil-food-web,Leave a Reply Cancel Reply,Share,#,"href is ""#"""
sadhguru-and-the-soil-food-web,Leave a Reply Cancel Reply,Share,#,"href is ""#"""
sadhguru-and-the-soil-food-web,Leave a Reply Cancel Reply,Share,#,"href is ""#"""
sadhguru-and-the-soil-food-web,Leave a Reply Cancel Reply,Pin,#,"href is ""#"""
sadhguru-and-the-soil-food-web,Foundation,Governance and financials,#,"href is ""#"""
sadhguru-and-the-soil-food-web,Get involved,Donate,/donate/,target returns 404
sadhguru-and-the-soil-food-web,Get involved,Accessibility,https://new.soilfoodweb.com/accessibility/,target returns 404
sadhguru-and-the-soil-food-web,Get involved,Close Menu,#,"href is ""#"""
sadhguru-and-the-soil-food-web,Get involved,Partner on Research,#,"href is ""#"""
calendar-event/aw-uk-2027,(top of page),Subscribe,#,"href is ""#"""
calendar-event/aw-uk-2027,(top of page),Partner on Research,#,"href is ""#"""
calendar-event/aw-uk-2027,Next PostPermaculture Design Certificate | 2026 Cohort #3,Share,#,"href is ""#"""
calendar-event/aw-uk-2027,Next PostPermaculture Design Certificate | 2026 Cohort #3,Share,#,"href is ""#"""
calendar-event/aw-uk-2027,Next PostPermaculture Design Certificate | 2026 Cohort #3,Share,#,"href is ""#"""
calendar-event/aw-uk-2027,Next PostPermaculture Design Certificate | 2026 Cohort #3,Share,#,"href is ""#"""
calendar-event/aw-uk-2027,Next PostPermaculture Design Certificate | 2026 Cohort #3,Pin,#,"href is ""#"""
calendar-event/aw-uk-2027,Foundation,Governance and financials,#,"href is ""#"""
calendar-event/aw-uk-2027,Get involved,Donate,/donate/,target returns 404
calendar-event/aw-uk-2027,Get involved,Accessibility,https://new.soilfoodweb.com/accessibility/,target returns 404
calendar-event/aw-uk-2027,Get involved,Close Menu,#,"href is ""#"""
calendar-event/aw-uk-2027,Get involved,Partner on Research,#,"href is ""#"""
calendar-event/permaculture-design-certificate-2026-cohort-3,(top of page),Subscribe,#,"href is ""#"""
calendar-event/permaculture-design-certificate-2026-cohort-3,(top of page),Partner on Research,#,"href is ""#"""
calendar-event/permaculture-design-certificate-2026-cohort-3,Next PostPermaculture Design Certificate | 2027 Cohort #2,Share,#,"href is ""#"""
calendar-event/permaculture-design-certificate-2026-cohort-3,Next PostPermaculture Design Certificate | 2027 Cohort #2,Share,#,"href is ""#"""
calendar-event/permaculture-design-certificate-2026-cohort-3,Next PostPermaculture Design Certificate | 2027 Cohort #2,Share,#,"href is ""#"""
calendar-event/permaculture-design-certificate-2026-cohort-3,Next PostPermaculture Design Certificate | 2027 Cohort #2,Share,#,"href is ""#"""
calendar-event/permaculture-design-certificate-2026-cohort-3,Next PostPermaculture Design Certificate | 2027 Cohort #2,Pin,#,"href is ""#"""
calendar-event/permaculture-design-certificate-2026-cohort-3,Foundation,Governance and financials,#,"href is ""#"""
calendar-event/permaculture-design-certificate-2026-cohort-3,Get involved,Donate,/donate/,target returns 404
calendar-event/permaculture-design-certificate-2026-cohort-3,Get involved,Accessibility,https://new.soilfoodweb.com/accessibility/,target returns 404
calendar-event/permaculture-design-certificate-2026-cohort-3,Get involved,Close Menu,#,"href is ""#"""
calendar-event/permaculture-design-certificate-2026-cohort-3,Get involved,Partner on Research,#,"href is ""#"""
calendar-event/permaculture-design-certificate-2027-cohort-2,(top of page),Subscribe,#,"href is ""#"""
calendar-event/permaculture-design-certificate-2027-cohort-2,(top of page),Partner on Research,#,"href is ""#"""
calendar-event/permaculture-design-certificate-2027-cohort-2,Next PostPermaculture Design Certificate | 2027 Cohort #1,Share,#,"href is ""#"""
calendar-event/permaculture-design-certificate-2027-cohort-2,Next PostPermaculture Design Certificate | 2027 Cohort #1,Share,#,"href is ""#"""
calendar-event/permaculture-design-certificate-2027-cohort-2,Next PostPermaculture Design Certificate | 2027 Cohort #1,Share,#,"href is ""#"""
calendar-event/permaculture-design-certificate-2027-cohort-2,Next PostPermaculture Design Certificate | 2027 Cohort #1,Share,#,"href is ""#"""
calendar-event/permaculture-design-certificate-2027-cohort-2,Next PostPermaculture Design Certificate | 2027 Cohort #1,Pin,#,"href is ""#"""
calendar-event/permaculture-design-certificate-2027-cohort-2,Foundation,Governance and financials,#,"href is ""#"""
calendar-event/permaculture-design-certificate-2027-cohort-2,Get involved,Donate,/donate/,target returns 404
calendar-event/permaculture-design-certificate-2027-cohort-2,Get involved,Accessibility,https://new.soilfoodweb.com/accessibility/,target returns 404
calendar-event/permaculture-design-certificate-2027-cohort-2,Get involved,Close Menu,#,"href is ""#"""
calendar-event/permaculture-design-certificate-2027-cohort-2,Get involved,Partner on Research,#,"href is ""#"""
calendar-event/permaculture-design-certificate-2027-cohort-1,(top of page),Subscribe,#,"href is ""#"""
calendar-event/permaculture-design-certificate-2027-cohort-1,(top of page),Partner on Research,#,"href is ""#"""
calendar-event/permaculture-design-certificate-2027-cohort-1,Next PostBiological Liquid Amendments Intensive Course,Share,#,"href is ""#"""
calendar-event/permaculture-design-certificate-2027-cohort-1,Next PostBiological Liquid Amendments Intensive Course,Share,#,"href is ""#"""
calendar-event/permaculture-design-certificate-2027-cohort-1,Next PostBiological Liquid Amendments Intensive Course,Share,#,"href is ""#"""
calendar-event/permaculture-design-certificate-2027-cohort-1,Next PostBiological Liquid Amendments Intensive Course,Share,#,"href is ""#"""
calendar-event/permaculture-design-certificate-2027-cohort-1,Next PostBiological Liquid Amendments Intensive Course,Pin,#,"href is ""#"""
calendar-event/permaculture-design-certificate-2027-cohort-1,Foundation,Governance and financials,#,"href is ""#"""
calendar-event/permaculture-design-certificate-2027-cohort-1,Get involved,Donate,/donate/,target returns 404
calendar-event/permaculture-design-certificate-2027-cohort-1,Get involved,Accessibility,https://new.soilfoodweb.com/accessibility/,target returns 404
calendar-event/permaculture-design-certificate-2027-cohort-1,Get involved,Close Menu,#,"href is ""#"""
calendar-event/permaculture-design-certificate-2027-cohort-1,Get involved,Partner on Research,#,"href is ""#"""
calendar-event/biological-liquid-amendments-intensive-course,(top of page),Subscribe,#,"href is ""#"""
calendar-event/biological-liquid-amendments-intensive-course,(top of page),Partner on Research,#,"href is ""#"""
calendar-event/biological-liquid-amendments-intensive-course,Next PostCompost Intensive Course | 2027 Cohort #2,Share,#,"href is ""#"""
calendar-event/biological-liquid-amendments-intensive-course,Next PostCompost Intensive Course | 2027 Cohort #2,Share,#,"href is ""#"""
calendar-event/biological-liquid-amendments-intensive-course,Next PostCompost Intensive Course | 2027 Cohort #2,Share,#,"href is ""#"""
calendar-event/biological-liquid-amendments-intensive-course,Next PostCompost Intensive Course | 2027 Cohort #2,Share,#,"href is ""#"""
calendar-event/biological-liquid-amendments-intensive-course,Next PostCompost Intensive Course | 2027 Cohort #2,Pin,#,"href is ""#"""
calendar-event/biological-liquid-amendments-intensive-course,Foundation,Governance and financials,#,"href is ""#"""
calendar-event/biological-liquid-amendments-intensive-course,Get involved,Donate,/donate/,target returns 404
calendar-event/biological-liquid-amendments-intensive-course,Get involved,Accessibility,https://new.soilfoodweb.com/accessibility/,target returns 404
calendar-event/biological-liquid-amendments-intensive-course,Get involved,Close Menu,#,"href is ""#"""
calendar-event/biological-liquid-amendments-intensive-course,Get involved,Partner on Research,#,"href is ""#"""
calendar-event/compost-intensive-course-2027-cohort-2,(top of page),Subscribe,#,"href is ""#"""
calendar-event/compost-intensive-course-2027-cohort-2,(top of page),Partner on Research,#,"href is ""#"""
calendar-event/compost-intensive-course-2027-cohort-2,Next PostCompost Intensive Course | 2027 Cohort #1,Share,#,"href is ""#"""
calendar-event/compost-intensive-course-2027-cohort-2,Next PostCompost Intensive Course | 2027 Cohort #1,Share,#,"href is ""#"""
calendar-event/compost-intensive-course-2027-cohort-2,Next PostCompost Intensive Course | 2027 Cohort #1,Share,#,"href is ""#"""
calendar-event/compost-intensive-course-2027-cohort-2,Next PostCompost Intensive Course | 2027 Cohort #1,Share,#,"href is ""#"""
calendar-event/compost-intensive-course-2027-cohort-2,Next PostCompost Intensive Course | 2027 Cohort #1,Pin,#,"href is ""#"""
calendar-event/compost-intensive-course-2027-cohort-2,Foundation,Governance and financials,#,"href is ""#"""
calendar-event/compost-intensive-course-2027-cohort-2,Get involved,Donate,/donate/,target returns 404
calendar-event/compost-intensive-course-2027-cohort-2,Get involved,Accessibility,https://new.soilfoodweb.com/accessibility/,target returns 404
calendar-event/compost-intensive-course-2027-cohort-2,Get involved,Close Menu,#,"href is ""#"""
calendar-event/compost-intensive-course-2027-cohort-2,Get involved,Partner on Research,#,"href is ""#"""
calendar-event/compost-intensive-course-2027-cohort-1,(top of page),Subscribe,#,"href is ""#"""
calendar-event/compost-intensive-course-2027-cohort-1,(top of page),Partner on Research,#,"href is ""#"""
calendar-event/compost-intensive-course-2027-cohort-1,Next PostAccelerator Workshop | Costa Rica,Share,#,"href is ""#"""
calendar-event/compost-intensive-course-2027-cohort-1,Next PostAccelerator Workshop | Costa Rica,Share,#,"href is ""#"""
calendar-event/compost-intensive-course-2027-cohort-1,Next PostAccelerator Workshop | Costa Rica,Share,#,"href is ""#"""
calendar-event/compost-intensive-course-2027-cohort-1,Next PostAccelerator Workshop | Costa Rica,Share,#,"href is ""#"""
calendar-event/compost-intensive-course-2027-cohort-1,Next PostAccelerator Workshop | Costa Rica,Pin,#,"href is ""#"""
calendar-event/compost-intensive-course-2027-cohort-1,Foundation,Governance and financials,#,"href is ""#"""
calendar-event/compost-intensive-course-2027-cohort-1,Get involved,Donate,/donate/,target returns 404
calendar-event/compost-intensive-course-2027-cohort-1,Get involved,Accessibility,https://new.soilfoodweb.com/accessibility/,target returns 404
calendar-event/compost-intensive-course-2027-cohort-1,Get involved,Close Menu,#,"href is ""#"""
calendar-event/compost-intensive-course-2027-cohort-1,Get involved,Partner on Research,#,"href is ""#"""
calendar-event/aw-costa-rica-2027,(top of page),Subscribe,#,"href is ""#"""
calendar-event/aw-costa-rica-2027,(top of page),Partner on Research,#,"href is ""#"""
calendar-event/aw-costa-rica-2027,Next PostAccelerator Workshop | New Mexico USA,Share,#,"href is ""#"""
calendar-event/aw-costa-rica-2027,Next PostAccelerator Workshop | New Mexico USA,Share,#,"href is ""#"""
calendar-event/aw-costa-rica-2027,Next PostAccelerator Workshop | New Mexico USA,Share,#,"href is ""#"""
calendar-event/aw-costa-rica-2027,Next PostAccelerator Workshop | New Mexico USA,Share,#,"href is ""#"""
calendar-event/aw-costa-rica-2027,Next PostAccelerator Workshop | New Mexico USA,Pin,#,"href is ""#"""
calendar-event/aw-costa-rica-2027,Foundation,Governance and financials,#,"href is ""#"""
calendar-event/aw-costa-rica-2027,Get involved,Donate,/donate/,target returns 404
calendar-event/aw-costa-rica-2027,Get involved,Accessibility,https://new.soilfoodweb.com/accessibility/,target returns 404
calendar-event/aw-costa-rica-2027,Get involved,Close Menu,#,"href is ""#"""
calendar-event/aw-costa-rica-2027,Get involved,Partner on Research,#,"href is ""#"""
calendar-event/aw-new-mexico-usa-2027,(top of page),Subscribe,#,"href is ""#"""
calendar-event/aw-new-mexico-usa-2027,(top of page),Partner on Research,#,"href is ""#"""
calendar-event/aw-new-mexico-usa-2027,Next PostCommunity Event | Celebrating Our First Year as a Foundation!,Share,#,"href is ""#"""
calendar-event/aw-new-mexico-usa-2027,Next PostCommunity Event | Celebrating Our First Year as a Foundation!,Share,#,"href is ""#"""
calendar-event/aw-new-mexico-usa-2027,Next PostCommunity Event | Celebrating Our First Year as a Foundation!,Share,#,"href is ""#"""
calendar-event/aw-new-mexico-usa-2027,Next PostCommunity Event | Celebrating Our First Year as a Foundation!,Share,#,"href is ""#"""
calendar-event/aw-new-mexico-usa-2027,Next PostCommunity Event | Celebrating Our First Year as a Foundation!,Pin,#,"href is ""#"""
calendar-event/aw-new-mexico-usa-2027,Foundation,Governance and financials,#,"href is ""#"""
calendar-event/aw-new-mexico-usa-2027,Get involved,Donate,/donate/,target returns 404
calendar-event/aw-new-mexico-usa-2027,Get involved,Accessibility,https://new.soilfoodweb.com/accessibility/,target returns 404
calendar-event/aw-new-mexico-usa-2027,Get involved,Close Menu,#,"href is ""#"""
calendar-event/aw-new-mexico-usa-2027,Get involved,Partner on Research,#,"href is ""#"""
calendar-event/sfw-turns-one,(top of page),Subscribe,#,"href is ""#"""
calendar-event/sfw-turns-one,(top of page),Partner on Research,#,"href is ""#"""
calendar-event/sfw-turns-one,Previous PostAccelerator Workshop | New Mexico USA,Share,#,"href is ""#"""
calendar-event/sfw-turns-one,Previous PostAccelerator Workshop | New Mexico USA,Share,#,"href is ""#"""
calendar-event/sfw-turns-one,Previous PostAccelerator Workshop | New Mexico USA,Share,#,"href is ""#"""
calendar-event/sfw-turns-one,Previous PostAccelerator Workshop | New Mexico USA,Share,#,"href is ""#"""
calendar-event/sfw-turns-one,Previous PostAccelerator Workshop | New Mexico USA,Pin,#,"href is ""#"""
calendar-event/sfw-turns-one,Foundation,Governance and financials,#,"href is ""#"""
calendar-event/sfw-turns-one,Get involved,Donate,/donate/,target returns 404
calendar-event/sfw-turns-one,Get involved,Accessibility,https://new.soilfoodweb.com/accessibility/,target returns 404
calendar-event/sfw-turns-one,Get involved,Close Menu,#,"href is ""#"""
calendar-event/sfw-turns-one,Get involved,Partner on Research,#,"href is ""#"""
directory-member/stephanie-mcdaniel,(top of page),Subscribe,#,"href is ""#"""
directory-member/stephanie-mcdaniel,(top of page),Partner on Research,#,"href is ""#"""
directory-member/stephanie-mcdaniel,(top of page),Website soilfoodweb.com/,https://soilfoodweb.com/,points to the old site
directory-member/stephanie-mcdaniel,Foundation,Governance and financials,#,"href is ""#"""
directory-member/stephanie-mcdaniel,Get involved,Donate,/donate/,target returns 404
directory-member/stephanie-mcdaniel,Get involved,Accessibility,https://new.soilfoodweb.com/accessibility/,target returns 404
directory-member/stephanie-mcdaniel,Get involved,Close Menu,#,"href is ""#"""
directory-member/stephanie-mcdaniel,Get involved,Partner on Research,#,"href is ""#"""
directory-member/josefina-bergsten,(top of page),Subscribe,#,"href is ""#"""
directory-member/josefina-bergsten,(top of page),Partner on Research,#,"href is ""#"""
directory-member/josefina-bergsten,Foundation,Governance and financials,#,"href is ""#"""
directory-member/josefina-bergsten,Get involved,Donate,/donate/,target returns 404
directory-member/josefina-bergsten,Get involved,Accessibility,https://new.soilfoodweb.com/accessibility/,target returns 404
directory-member/josefina-bergsten,Get involved,Close Menu,#,"href is ""#"""
directory-member/josefina-bergsten,Get involved,Partner on Research,#,"href is ""#"""
directory-member/witold-krawiec,(top of page),Subscribe,#,"href is ""#"""
directory-member/witold-krawiec,(top of page),Partner on Research,#,"href is ""#"""
directory-member/witold-krawiec,Foundation,Governance and financials,#,"href is ""#"""
directory-member/witold-krawiec,Get involved,Donate,/donate/,target returns 404
directory-member/witold-krawiec,Get involved,Accessibility,https://new.soilfoodweb.com/accessibility/,target returns 404
directory-member/witold-krawiec,Get involved,Close Menu,#,"href is ""#"""
directory-member/witold-krawiec,Get involved,Partner on Research,#,"href is ""#"""
directory-member/wesley-sander,(top of page),Subscribe,#,"href is ""#"""
directory-member/wesley-sander,(top of page),Partner on Research,#,"href is ""#"""
directory-member/wesley-sander,Foundation,Governance and financials,#,"href is ""#"""
directory-member/wesley-sander,Get involved,Donate,/donate/,target returns 404
directory-member/wesley-sander,Get involved,Accessibility,https://new.soilfoodweb.com/accessibility/,target returns 404
directory-member/wesley-sander,Get involved,Close Menu,#,"href is ""#"""
directory-member/wesley-sander,Get involved,Partner on Research,#,"href is ""#"""
directory-member/wendy-mickle,(top of page),Subscribe,#,"href is ""#"""
directory-member/wendy-mickle,(top of page),Partner on Research,#,"href is ""#"""
directory-member/wendy-mickle,Foundation,Governance and financials,#,"href is ""#"""
directory-member/wendy-mickle,Get involved,Donate,/donate/,target returns 404
directory-member/wendy-mickle,Get involved,Accessibility,https://new.soilfoodweb.com/accessibility/,target returns 404
directory-member/wendy-mickle,Get involved,Close Menu,#,"href is ""#"""
directory-member/wendy-mickle,Get involved,Partner on Research,#,"href is ""#"""
directory-member/vivian-kaloxilos,(top of page),Subscribe,#,"href is ""#"""
directory-member/vivian-kaloxilos,(top of page),Partner on Research,#,"href is ""#"""
directory-member/vivian-kaloxilos,Foundation,Governance and financials,#,"href is ""#"""
directory-member/vivian-kaloxilos,Get involved,Donate,/donate/,target returns 404
directory-member/vivian-kaloxilos,Get involved,Accessibility,https://new.soilfoodweb.com/accessibility/,target returns 404
directory-member/vivian-kaloxilos,Get involved,Close Menu,#,"href is ""#"""
directory-member/vivian-kaloxilos,Get involved,Partner on Research,#,"href is ""#"""
directory-member/veronica-alice,(top of page),Subscribe,#,"href is ""#"""
directory-member/veronica-alice,(top of page),Partner on Research,#,"href is ""#"""
directory-member/veronica-alice,Foundation,Governance and financials,#,"href is ""#"""
directory-member/veronica-alice,Get involved,Donate,/donate/,target returns 404
directory-member/veronica-alice,Get involved,Accessibility,https://new.soilfoodweb.com/accessibility/,target returns 404
directory-member/veronica-alice,Get involved,Close Menu,#,"href is ""#"""
directory-member/veronica-alice,Get involved,Partner on Research,#,"href is ""#"""
directory-member/vera-dorzhinova,(top of page),Subscribe,#,"href is ""#"""
directory-member/vera-dorzhinova,(top of page),Partner on Research,#,"href is ""#"""
directory-member/vera-dorzhinova,Foundation,Governance and financials,#,"href is ""#"""
directory-member/vera-dorzhinova,Get involved,Donate,/donate/,target returns 404
directory-member/vera-dorzhinova,Get involved,Accessibility,https://new.soilfoodweb.com/accessibility/,target returns 404
directory-member/vera-dorzhinova,Get involved,Close Menu,#,"href is ""#"""
directory-member/vera-dorzhinova,Get involved,Partner on Research,#,"href is ""#"""
directory-member/todd-harrington,(top of page),Subscribe,#,"href is ""#"""
directory-member/todd-harrington,(top of page),Partner on Research,#,"href is ""#"""
directory-member/todd-harrington,Foundation,Governance and financials,#,"href is ""#"""
directory-member/todd-harrington,Get involved,Donate,/donate/,target returns 404
directory-member/todd-harrington,Get involved,Accessibility,https://new.soilfoodweb.com/accessibility/,target returns 404
directory-member/todd-harrington,Get involved,Close Menu,#,"href is ""#"""
directory-member/todd-harrington,Get involved,Partner on Research,#,"href is ""#"""
directory-member/tim-spencer,(top of page),Subscribe,#,"href is ""#"""
directory-member/tim-spencer,(top of page),Partner on Research,#,"href is ""#"""
directory-member/tim-spencer,Foundation,Governance and financials,#,"href is ""#"""
directory-member/tim-spencer,Get involved,Donate,/donate/,target returns 404
directory-member/tim-spencer,Get involved,Accessibility,https://new.soilfoodweb.com/accessibility/,target returns 404
directory-member/tim-spencer,Get involved,Close Menu,#,"href is ""#"""
directory-member/tim-spencer,Get involved,Partner on Research,#,"href is ""#"""
directory-member/thomas-schneider,(top of page),Subscribe,#,"href is ""#"""
directory-member/thomas-schneider,(top of page),Partner on Research,#,"href is ""#"""
directory-member/thomas-schneider,Foundation,Governance and financials,#,"href is ""#"""
directory-member/thomas-schneider,Get involved,Donate,/donate/,target returns 404
directory-member/thomas-schneider,Get involved,Accessibility,https://new.soilfoodweb.com/accessibility/,target returns 404
directory-member/thomas-schneider,Get involved,Close Menu,#,"href is ""#"""
directory-member/thomas-schneider,Get involved,Partner on Research,#,"href is ""#"""
directory-member/thomas-ruttel,(top of page),Subscribe,#,"href is ""#"""
directory-member/thomas-ruttel,(top of page),Partner on Research,#,"href is ""#"""
directory-member/thomas-ruttel,Foundation,Governance and financials,#,"href is ""#"""
directory-member/thomas-ruttel,Get involved,Donate,/donate/,target returns 404
directory-member/thomas-ruttel,Get involved,Accessibility,https://new.soilfoodweb.com/accessibility/,target returns 404
directory-member/thomas-ruttel,Get involved,Close Menu,#,"href is ""#"""
directory-member/thomas-ruttel,Get involved,Partner on Research,#,"href is ""#"""
directory-member/the-soil-assistant,(top of page),Subscribe,#,"href is ""#"""
directory-member/the-soil-assistant,(top of page),Partner on Research,#,"href is ""#"""
directory-member/the-soil-assistant,Foundation,Governance and financials,#,"href is ""#"""
directory-member/the-soil-assistant,Get involved,Donate,/donate/,target returns 404
directory-member/the-soil-assistant,Get involved,Accessibility,https://new.soilfoodweb.com/accessibility/,target returns 404
directory-member/the-soil-assistant,Get involved,Close Menu,#,"href is ""#"""
directory-member/the-soil-assistant,Get involved,Partner on Research,#,"href is ""#"""
directory-member/tanja-dekker,(top of page),Subscribe,#,"href is ""#"""
directory-member/tanja-dekker,(top of page),Partner on Research,#,"href is ""#"""
directory-member/tanja-dekker,Foundation,Governance and financials,#,"href is ""#"""
directory-member/tanja-dekker,Get involved,Donate,/donate/,target returns 404
directory-member/tanja-dekker,Get involved,Accessibility,https://new.soilfoodweb.com/accessibility/,target returns 404
directory-member/tanja-dekker,Get involved,Close Menu,#,"href is ""#"""
directory-member/tanja-dekker,Get involved,Partner on Research,#,"href is ""#"""
directory-member/tallis-tibbo,(top of page),Subscribe,#,"href is ""#"""
directory-member/tallis-tibbo,(top of page),Partner on Research,#,"href is ""#"""
directory-member/tallis-tibbo,Foundation,Governance and financials,#,"href is ""#"""
directory-member/tallis-tibbo,Get involved,Donate,/donate/,target returns 404
directory-member/tallis-tibbo,Get involved,Accessibility,https://new.soilfoodweb.com/accessibility/,target returns 404
directory-member/tallis-tibbo,Get involved,Close Menu,#,"href is ""#"""
directory-member/tallis-tibbo,Get involved,Partner on Research,#,"href is ""#"""
directory-member/suzanne-shea,(top of page),Subscribe,#,"href is ""#"""
directory-member/suzanne-shea,(top of page),Partner on Research,#,"href is ""#"""
directory-member/suzanne-shea,Foundation,Governance and financials,#,"href is ""#"""
directory-member/suzanne-shea,Get involved,Donate,/donate/,target returns 404
directory-member/suzanne-shea,Get involved,Accessibility,https://new.soilfoodweb.com/accessibility/,target returns 404
directory-member/suzanne-shea,Get involved,Close Menu,#,"href is ""#"""
directory-member/suzanne-shea,Get involved,Partner on Research,#,"href is ""#"""
directory-member/sustraiak-koop,(top of page),Subscribe,#,"href is ""#"""
directory-member/sustraiak-koop,(top of page),Partner on Research,#,"href is ""#"""
directory-member/sustraiak-koop,Foundation,Governance and financials,#,"href is ""#"""
directory-member/sustraiak-koop,Get involved,Donate,/donate/,target returns 404
directory-member/sustraiak-koop,Get involved,Accessibility,https://new.soilfoodweb.com/accessibility/,target returns 404
directory-member/sustraiak-koop,Get involved,Close Menu,#,"href is ""#"""
directory-member/sustraiak-koop,Get involved,Partner on Research,#,"href is ""#"""
directory-member/sue-patrick,(top of page),Subscribe,#,"href is ""#"""
directory-member/sue-patrick,(top of page),Partner on Research,#,"href is ""#"""
directory-member/sue-patrick,Foundation,Governance and financials,#,"href is ""#"""
directory-member/sue-patrick,Get involved,Donate,/donate/,target returns 404
directory-member/sue-patrick,Get involved,Accessibility,https://new.soilfoodweb.com/accessibility/,target returns 404
directory-member/sue-patrick,Get involved,Close Menu,#,"href is ""#"""
directory-member/sue-patrick,Get involved,Partner on Research,#,"href is ""#"""
directory-member/stine-hvidtfeldt-svendsen,(top of page),Subscribe,#,"href is ""#"""
directory-member/stine-hvidtfeldt-svendsen,(top of page),Partner on Research,#,"href is ""#"""
directory-member/stine-hvidtfeldt-svendsen,Foundation,Governance and financials,#,"href is ""#"""
directory-member/stine-hvidtfeldt-svendsen,Get involved,Donate,/donate/,target returns 404
directory-member/stine-hvidtfeldt-svendsen,Get involved,Accessibility,https://new.soilfoodweb.com/accessibility/,target returns 404
directory-member/stine-hvidtfeldt-svendsen,Get involved,Close Menu,#,"href is ""#"""
directory-member/stine-hvidtfeldt-svendsen,Get involved,Partner on Research,#,"href is ""#"""
directory-member/steven-fleming,(top of page),Subscribe,#,"href is ""#"""
directory-member/steven-fleming,(top of page),Partner on Research,#,"href is ""#"""
directory-member/steven-fleming,Foundation,Governance and financials,#,"href is ""#"""
directory-member/steven-fleming,Get involved,Donate,/donate/,target returns 404
directory-member/steven-fleming,Get involved,Accessibility,https://new.soilfoodweb.com/accessibility/,target returns 404
directory-member/steven-fleming,Get involved,Close Menu,#,"href is ""#"""
directory-member/steven-fleming,Get involved,Partner on Research,#,"href is ""#"""
directory-member/stephen-suau,(top of page),Subscribe,#,"href is ""#"""
directory-member/stephen-suau,(top of page),Partner on Research,#,"href is ""#"""
directory-member/stephen-suau,Foundation,Governance and financials,#,"href is ""#"""
directory-member/stephen-suau,Get involved,Donate,/donate/,target returns 404
directory-member/stephen-suau,Get involved,Accessibility,https://new.soilfoodweb.com/accessibility/,target returns 404
directory-member/stephen-suau,Get involved,Close Menu,#,"href is ""#"""
directory-member/stephen-suau,Get involved,Partner on Research,#,"href is ""#"""
directory-member/spero-latchis,(top of page),Subscribe,#,"href is ""#"""
directory-member/spero-latchis,(top of page),Partner on Research,#,"href is ""#"""
directory-member/spero-latchis,Foundation,Governance and financials,#,"href is ""#"""
directory-member/spero-latchis,Get involved,Donate,/donate/,target returns 404
directory-member/spero-latchis,Get involved,Accessibility,https://new.soilfoodweb.com/accessibility/,target returns 404
directory-member/spero-latchis,Get involved,Close Menu,#,"href is ""#"""
directory-member/spero-latchis,Get involved,Partner on Research,#,"href is ""#"""
directory-member/sonja-basson-pure-soil-lab,(top of page),Subscribe,#,"href is ""#"""
directory-member/sonja-basson-pure-soil-lab,(top of page),Partner on Research,#,"href is ""#"""
directory-member/sonja-basson-pure-soil-lab,Foundation,Governance and financials,#,"href is ""#"""
directory-member/sonja-basson-pure-soil-lab,Get involved,Donate,/donate/,target returns 404
directory-member/sonja-basson-pure-soil-lab,Get involved,Accessibility,https://new.soilfoodweb.com/accessibility/,target returns 404
directory-member/sonja-basson-pure-soil-lab,Get involved,Close Menu,#,"href is ""#"""
directory-member/sonja-basson-pure-soil-lab,Get involved,Partner on Research,#,"href is ""#"""
directory-member/soledad-reinoso,(top of page),Subscribe,#,"href is ""#"""
directory-member/soledad-reinoso,(top of page),Partner on Research,#,"href is ""#"""
directory-member/soledad-reinoso,Foundation,Governance and financials,#,"href is ""#"""
directory-member/soledad-reinoso,Get involved,Donate,/donate/,target returns 404
directory-member/soledad-reinoso,Get involved,Accessibility,https://new.soilfoodweb.com/accessibility/,target returns 404
directory-member/soledad-reinoso,Get involved,Close Menu,#,"href is ""#"""
directory-member/soledad-reinoso,Get involved,Partner on Research,#,"href is ""#"""
directory-member/simeon-kleinsasser,(top of page),Subscribe,#,"href is ""#"""
directory-member/simeon-kleinsasser,(top of page),Partner on Research,#,"href is ""#"""
directory-member/simeon-kleinsasser,Foundation,Governance and financials,#,"href is ""#"""
directory-member/simeon-kleinsasser,Get involved,Donate,/donate/,target returns 404
directory-member/simeon-kleinsasser,Get involved,Accessibility,https://new.soilfoodweb.com/accessibility/,target returns 404
directory-member/simeon-kleinsasser,Get involved,Close Menu,#,"href is ""#"""
directory-member/simeon-kleinsasser,Get involved,Partner on Research,#,"href is ""#"""
directory-member/shane-plath,(top of page),Subscribe,#,"href is ""#"""
directory-member/shane-plath,(top of page),Partner on Research,#,"href is ""#"""
directory-member/shane-plath,Foundation,Governance and financials,#,"href is ""#"""
directory-member/shane-plath,Get involved,Donate,/donate/,target returns 404
directory-member/shane-plath,Get involved,Accessibility,https://new.soilfoodweb.com/accessibility/,target returns 404
directory-member/shane-plath,Get involved,Close Menu,#,"href is ""#"""
directory-member/shane-plath,Get involved,Partner on Research,#,"href is ""#"""
directory-member/seshu,(top of page),Subscribe,#,"href is ""#"""
directory-member/seshu,(top of page),Partner on Research,#,"href is ""#"""
directory-member/seshu,Foundation,Governance and financials,#,"href is ""#"""
directory-member/seshu,Get involved,Donate,/donate/,target returns 404
directory-member/seshu,Get involved,Accessibility,https://new.soilfoodweb.com/accessibility/,target returns 404
directory-member/seshu,Get involved,Close Menu,#,"href is ""#"""
directory-member/seshu,Get involved,Partner on Research,#,"href is ""#"""
directory-member/sedrika-maka-anuhealii,(top of page),Subscribe,#,"href is ""#"""
directory-member/sedrika-maka-anuhealii,(top of page),Partner on Research,#,"href is ""#"""
directory-member/sedrika-maka-anuhealii,Foundation,Governance and financials,#,"href is ""#"""
directory-member/sedrika-maka-anuhealii,Get involved,Donate,/donate/,target returns 404
directory-member/sedrika-maka-anuhealii,Get involved,Accessibility,https://new.soilfoodweb.com/accessibility/,target returns 404
directory-member/sedrika-maka-anuhealii,Get involved,Close Menu,#,"href is ""#"""
directory-member/sedrika-maka-anuhealii,Get involved,Partner on Research,#,"href is ""#"""
directory-member/scott-walker,(top of page),Subscribe,#,"href is ""#"""
directory-member/scott-walker,(top of page),Partner on Research,#,"href is ""#"""
directory-member/scott-walker,Foundation,Governance and financials,#,"href is ""#"""
directory-member/scott-walker,Get involved,Donate,/donate/,target returns 404
directory-member/scott-walker,Get involved,Accessibility,https://new.soilfoodweb.com/accessibility/,target returns 404
directory-member/scott-walker,Get involved,Close Menu,#,"href is ""#"""
directory-member/scott-walker,Get involved,Partner on Research,#,"href is ""#"""
directory-member/scott-kent,(top of page),Subscribe,#,"href is ""#"""
directory-member/scott-kent,(top of page),Partner on Research,#,"href is ""#"""
directory-member/scott-kent,Foundation,Governance and financials,#,"href is ""#"""
directory-member/scott-kent,Get involved,Donate,/donate/,target returns 404
directory-member/scott-kent,Get involved,Accessibility,https://new.soilfoodweb.com/accessibility/,target returns 404
directory-member/scott-kent,Get involved,Close Menu,#,"href is ""#"""
directory-member/scott-kent,Get involved,Partner on Research,#,"href is ""#"""
directory-member/sarah-talia,(top of page),Subscribe,#,"href is ""#"""
directory-member/sarah-talia,(top of page),Partner on Research,#,"href is ""#"""
directory-member/sarah-talia,Foundation,Governance and financials,#,"href is ""#"""
directory-member/sarah-talia,Get involved,Donate,/donate/,target returns 404
directory-member/sarah-talia,Get involved,Accessibility,https://new.soilfoodweb.com/accessibility/,target returns 404
directory-member/sarah-talia,Get involved,Close Menu,#,"href is ""#"""
directory-member/sarah-talia,Get involved,Partner on Research,#,"href is ""#"""
directory-member/sarah-sobel,(top of page),Subscribe,#,"href is ""#"""
directory-member/sarah-sobel,(top of page),Partner on Research,#,"href is ""#"""
directory-member/sarah-sobel,Foundation,Governance and financials,#,"href is ""#"""
directory-member/sarah-sobel,Get involved,Donate,/donate/,target returns 404
directory-member/sarah-sobel,Get involved,Accessibility,https://new.soilfoodweb.com/accessibility/,target returns 404
directory-member/sarah-sobel,Get involved,Close Menu,#,"href is ""#"""
directory-member/sarah-sobel,Get involved,Partner on Research,#,"href is ""#"""
directory-member/sarah-jaramillo,(top of page),Subscribe,#,"href is ""#"""
directory-member/sarah-jaramillo,(top of page),Partner on Research,#,"href is ""#"""
directory-member/sarah-jaramillo,Foundation,Governance and financials,#,"href is ""#"""
directory-member/sarah-jaramillo,Get involved,Donate,/donate/,target returns 404
directory-member/sarah-jaramillo,Get involved,Accessibility,https://new.soilfoodweb.com/accessibility/,target returns 404
directory-member/sarah-jaramillo,Get involved,Close Menu,#,"href is ""#"""
directory-member/sarah-jaramillo,Get involved,Partner on Research,#,"href is ""#"""
directory-member/saoirse-niehus,(top of page),Subscribe,#,"href is ""#"""
directory-member/saoirse-niehus,(top of page),Partner on Research,#,"href is ""#"""
directory-member/saoirse-niehus,Foundation,Governance and financials,#,"href is ""#"""
directory-member/saoirse-niehus,Get involved,Donate,/donate/,target returns 404
directory-member/saoirse-niehus,Get involved,Accessibility,https://new.soilfoodweb.com/accessibility/,target returns 404
directory-member/saoirse-niehus,Get involved,Close Menu,#,"href is ""#"""
directory-member/saoirse-niehus,Get involved,Partner on Research,#,"href is ""#"""
directory-member/surinder-sarwara,(top of page),Subscribe,#,"href is ""#"""
directory-member/surinder-sarwara,(top of page),Partner on Research,#,"href is ""#"""
directory-member/surinder-sarwara,Foundation,Governance and financials,#,"href is ""#"""
directory-member/surinder-sarwara,Get involved,Donate,/donate/,target returns 404
directory-member/surinder-sarwara,Get involved,Accessibility,https://new.soilfoodweb.com/accessibility/,target returns 404
directory-member/surinder-sarwara,Get involved,Close Menu,#,"href is ""#"""
directory-member/surinder-sarwara,Get involved,Partner on Research,#,"href is ""#"""
directory-member/ronald-cain,(top of page),Subscribe,#,"href is ""#"""
directory-member/ronald-cain,(top of page),Partner on Research,#,"href is ""#"""
directory-member/ronald-cain,Foundation,Governance and financials,#,"href is ""#"""
directory-member/ronald-cain,Get involved,Donate,/donate/,target returns 404
directory-member/ronald-cain,Get involved,Accessibility,https://new.soilfoodweb.com/accessibility/,target returns 404
directory-member/ronald-cain,Get involved,Close Menu,#,"href is ""#"""
directory-member/ronald-cain,Get involved,Partner on Research,#,"href is ""#"""
directory-member/robert,(top of page),Subscribe,#,"href is ""#"""
directory-member/robert,(top of page),Partner on Research,#,"href is ""#"""
directory-member/robert,Foundation,Governance and financials,#,"href is ""#"""
directory-member/robert,Get involved,Donate,/donate/,target returns 404
directory-member/robert,Get involved,Accessibility,https://new.soilfoodweb.com/accessibility/,target returns 404
directory-member/robert,Get involved,Close Menu,#,"href is ""#"""
directory-member/robert,Get involved,Partner on Research,#,"href is ""#"""
directory-member/robbin-pott,(top of page),Subscribe,#,"href is ""#"""
directory-member/robbin-pott,(top of page),Partner on Research,#,"href is ""#"""
directory-member/robbin-pott,Foundation,Governance and financials,#,"href is ""#"""
directory-member/robbin-pott,Get involved,Donate,/donate/,target returns 404
directory-member/robbin-pott,Get involved,Accessibility,https://new.soilfoodweb.com/accessibility/,target returns 404
directory-member/robbin-pott,Get involved,Close Menu,#,"href is ""#"""
directory-member/robbin-pott,Get involved,Partner on Research,#,"href is ""#"""
directory-member/renald-flores,(top of page),Subscribe,#,"href is ""#"""
directory-member/renald-flores,(top of page),Partner on Research,#,"href is ""#"""
directory-member/renald-flores,Foundation,Governance and financials,#,"href is ""#"""
directory-member/renald-flores,Get involved,Donate,/donate/,target returns 404
directory-member/renald-flores,Get involved,Accessibility,https://new.soilfoodweb.com/accessibility/,target returns 404
directory-member/renald-flores,Get involved,Close Menu,#,"href is ""#"""
directory-member/renald-flores,Get involved,Partner on Research,#,"href is ""#"""
directory-member/rebecca-iannicelli,(top of page),Subscribe,#,"href is ""#"""
directory-member/rebecca-iannicelli,(top of page),Partner on Research,#,"href is ""#"""
directory-member/rebecca-iannicelli,Foundation,Governance and financials,#,"href is ""#"""
directory-member/rebecca-iannicelli,Get involved,Donate,/donate/,target returns 404
directory-member/rebecca-iannicelli,Get involved,Accessibility,https://new.soilfoodweb.com/accessibility/,target returns 404
directory-member/rebecca-iannicelli,Get involved,Close Menu,#,"href is ""#"""
directory-member/rebecca-iannicelli,Get involved,Partner on Research,#,"href is ""#"""
directory-member/quinn-turner,(top of page),Subscribe,#,"href is ""#"""
directory-member/quinn-turner,(top of page),Partner on Research,#,"href is ""#"""
directory-member/quinn-turner,Foundation,Governance and financials,#,"href is ""#"""
directory-member/quinn-turner,Get involved,Donate,/donate/,target returns 404
directory-member/quinn-turner,Get involved,Accessibility,https://new.soilfoodweb.com/accessibility/,target returns 404
directory-member/quinn-turner,Get involved,Close Menu,#,"href is ""#"""
directory-member/quinn-turner,Get involved,Partner on Research,#,"href is ""#"""
directory-member/priscille-cazin,(top of page),Subscribe,#,"href is ""#"""
directory-member/priscille-cazin,(top of page),Partner on Research,#,"href is ""#"""
directory-member/priscille-cazin,Foundation,Governance and financials,#,"href is ""#"""
directory-member/priscille-cazin,Get involved,Donate,/donate/,target returns 404
directory-member/priscille-cazin,Get involved,Accessibility,https://new.soilfoodweb.com/accessibility/,target returns 404
directory-member/priscille-cazin,Get involved,Close Menu,#,"href is ""#"""
directory-member/priscille-cazin,Get involved,Partner on Research,#,"href is ""#"""
directory-member/predrag-paunovic,(top of page),Subscribe,#,"href is ""#"""
directory-member/predrag-paunovic,(top of page),Partner on Research,#,"href is ""#"""
directory-member/predrag-paunovic,Foundation,Governance and financials,#,"href is ""#"""
directory-member/predrag-paunovic,Get involved,Donate,/donate/,target returns 404
directory-member/predrag-paunovic,Get involved,Accessibility,https://new.soilfoodweb.com/accessibility/,target returns 404
directory-member/predrag-paunovic,Get involved,Close Menu,#,"href is ""#"""
directory-member/predrag-paunovic,Get involved,Partner on Research,#,"href is ""#"""
directory-member/pierre-joseph,(top of page),Subscribe,#,"href is ""#"""
directory-member/pierre-joseph,(top of page),Partner on Research,#,"href is ""#"""
directory-member/pierre-joseph,Foundation,Governance and financials,#,"href is ""#"""
directory-member/pierre-joseph,Get involved,Donate,/donate/,target returns 404
directory-member/pierre-joseph,Get involved,Accessibility,https://new.soilfoodweb.com/accessibility/,target returns 404
directory-member/pierre-joseph,Get involved,Close Menu,#,"href is ""#"""
directory-member/pierre-joseph,Get involved,Partner on Research,#,"href is ""#"""
directory-member/peter-hanes,(top of page),Subscribe,#,"href is ""#"""
directory-member/peter-hanes,(top of page),Partner on Research,#,"href is ""#"""
directory-member/peter-hanes,Foundation,Governance and financials,#,"href is ""#"""
directory-member/peter-hanes,Get involved,Donate,/donate/,target returns 404
directory-member/peter-hanes,Get involved,Accessibility,https://new.soilfoodweb.com/accessibility/,target returns 404
directory-member/peter-hanes,Get involved,Close Menu,#,"href is ""#"""
directory-member/peter-hanes,Get involved,Partner on Research,#,"href is ""#"""
directory-member/pati-jimenez,(top of page),Subscribe,#,"href is ""#"""
directory-member/pati-jimenez,(top of page),Partner on Research,#,"href is ""#"""
directory-member/pati-jimenez,Foundation,Governance and financials,#,"href is ""#"""
directory-member/pati-jimenez,Get involved,Donate,/donate/,target returns 404
directory-member/pati-jimenez,Get involved,Accessibility,https://new.soilfoodweb.com/accessibility/,target returns 404
directory-member/pati-jimenez,Get involved,Close Menu,#,"href is ""#"""
directory-member/pati-jimenez,Get involved,Partner on Research,#,"href is ""#"""
directory-member/pasquale-caccavella,(top of page),Subscribe,#,"href is ""#"""
directory-member/pasquale-caccavella,(top of page),Partner on Research,#,"href is ""#"""
directory-member/pasquale-caccavella,Foundation,Governance and financials,#,"href is ""#"""
directory-member/pasquale-caccavella,Get involved,Donate,/donate/,target returns 404
directory-member/pasquale-caccavella,Get involved,Accessibility,https://new.soilfoodweb.com/accessibility/,target returns 404
directory-member/pasquale-caccavella,Get involved,Close Menu,#,"href is ""#"""
directory-member/pasquale-caccavella,Get involved,Partner on Research,#,"href is ""#"""
directory-member/pascal-kubota,(top of page),Subscribe,#,"href is ""#"""
directory-member/pascal-kubota,(top of page),Partner on Research,#,"href is ""#"""
directory-member/pascal-kubota,Foundation,Governance and financials,#,"href is ""#"""
directory-member/pascal-kubota,Get involved,Donate,/donate/,target returns 404
directory-member/pascal-kubota,Get involved,Accessibility,https://new.soilfoodweb.com/accessibility/,target returns 404
directory-member/pascal-kubota,Get involved,Close Menu,#,"href is ""#"""
directory-member/pascal-kubota,Get involved,Partner on Research,#,"href is ""#"""
directory-member/norm-hansen,(top of page),Subscribe,#,"href is ""#"""
directory-member/norm-hansen,(top of page),Partner on Research,#,"href is ""#"""
directory-member/norm-hansen,Foundation,Governance and financials,#,"href is ""#"""
directory-member/norm-hansen,Get involved,Donate,/donate/,target returns 404
directory-member/norm-hansen,Get involved,Accessibility,https://new.soilfoodweb.com/accessibility/,target returns 404
directory-member/norm-hansen,Get involved,Close Menu,#,"href is ""#"""
directory-member/norm-hansen,Get involved,Partner on Research,#,"href is ""#"""
directory-member/noah-neva,(top of page),Subscribe,#,"href is ""#"""
directory-member/noah-neva,(top of page),Partner on Research,#,"href is ""#"""
directory-member/noah-neva,Foundation,Governance and financials,#,"href is ""#"""
directory-member/noah-neva,Get involved,Donate,/donate/,target returns 404
directory-member/noah-neva,Get involved,Accessibility,https://new.soilfoodweb.com/accessibility/,target returns 404
directory-member/noah-neva,Get involved,Close Menu,#,"href is ""#"""
directory-member/noah-neva,Get involved,Partner on Research,#,"href is ""#"""
directory-member/niels-de-jong,(top of page),Subscribe,#,"href is ""#"""
directory-member/niels-de-jong,(top of page),Partner on Research,#,"href is ""#"""
directory-member/niels-de-jong,Foundation,Governance and financials,#,"href is ""#"""
directory-member/niels-de-jong,Get involved,Donate,/donate/,target returns 404
directory-member/niels-de-jong,Get involved,Accessibility,https://new.soilfoodweb.com/accessibility/,target returns 404
directory-member/niels-de-jong,Get involved,Close Menu,#,"href is ""#"""
directory-member/niels-de-jong,Get involved,Partner on Research,#,"href is ""#"""
directory-member/nicola-peill-moelter,(top of page),Subscribe,#,"href is ""#"""
directory-member/nicola-peill-moelter,(top of page),Partner on Research,#,"href is ""#"""
directory-member/nicola-peill-moelter,Foundation,Governance and financials,#,"href is ""#"""
directory-member/nicola-peill-moelter,Get involved,Donate,/donate/,target returns 404
directory-member/nicola-peill-moelter,Get involved,Accessibility,https://new.soilfoodweb.com/accessibility/,target returns 404
directory-member/nicola-peill-moelter,Get involved,Close Menu,#,"href is ""#"""
directory-member/nicola-peill-moelter,Get involved,Partner on Research,#,"href is ""#"""
directory-member/nicholas-matteis,(top of page),Subscribe,#,"href is ""#"""
directory-member/nicholas-matteis,(top of page),Partner on Research,#,"href is ""#"""
directory-member/nicholas-matteis,Foundation,Governance and financials,#,"href is ""#"""
directory-member/nicholas-matteis,Get involved,Donate,/donate/,target returns 404
directory-member/nicholas-matteis,Get involved,Accessibility,https://new.soilfoodweb.com/accessibility/,target returns 404
directory-member/nicholas-matteis,Get involved,Close Menu,#,"href is ""#"""
directory-member/nicholas-matteis,Get involved,Partner on Research,#,"href is ""#"""
directory-member/nicholas-garcia,(top of page),Subscribe,#,"href is ""#"""
directory-member/nicholas-garcia,(top of page),Partner on Research,#,"href is ""#"""
directory-member/nicholas-garcia,Foundation,Governance and financials,#,"href is ""#"""
directory-member/nicholas-garcia,Get involved,Donate,/donate/,target returns 404
directory-member/nicholas-garcia,Get involved,Accessibility,https://new.soilfoodweb.com/accessibility/,target returns 404
directory-member/nicholas-garcia,Get involved,Close Menu,#,"href is ""#"""
directory-member/nicholas-garcia,Get involved,Partner on Research,#,"href is ""#"""
directory-member/nauras,(top of page),Subscribe,#,"href is ""#"""
directory-member/nauras,(top of page),Partner on Research,#,"href is ""#"""
directory-member/nauras,Foundation,Governance and financials,#,"href is ""#"""
directory-member/nauras,Get involved,Donate,/donate/,target returns 404
directory-member/nauras,Get involved,Accessibility,https://new.soilfoodweb.com/accessibility/,target returns 404
directory-member/nauras,Get involved,Close Menu,#,"href is ""#"""
directory-member/nauras,Get involved,Partner on Research,#,"href is ""#"""
directory-member/nathalie-sequeira,(top of page),Subscribe,#,"href is ""#"""
directory-member/nathalie-sequeira,(top of page),Partner on Research,#,"href is ""#"""
directory-member/nathalie-sequeira,Foundation,Governance and financials,#,"href is ""#"""
directory-member/nathalie-sequeira,Get involved,Donate,/donate/,target returns 404
directory-member/nathalie-sequeira,Get involved,Accessibility,https://new.soilfoodweb.com/accessibility/,target returns 404
directory-member/nathalie-sequeira,Get involved,Close Menu,#,"href is ""#"""
directory-member/nathalie-sequeira,Get involved,Partner on Research,#,"href is ""#"""
directory-member/nate-christenson,(top of page),Subscribe,#,"href is ""#"""
directory-member/nate-christenson,(top of page),Partner on Research,#,"href is ""#"""
directory-member/nate-christenson,Foundation,Governance and financials,#,"href is ""#"""
directory-member/nate-christenson,Get involved,Donate,/donate/,target returns 404
directory-member/nate-christenson,Get involved,Accessibility,https://new.soilfoodweb.com/accessibility/,target returns 404
directory-member/nate-christenson,Get involved,Close Menu,#,"href is ""#"""
directory-member/nate-christenson,Get involved,Partner on Research,#,"href is ""#"""
directory-member/murat-akhuy,(top of page),Subscribe,#,"href is ""#"""
directory-member/murat-akhuy,(top of page),Partner on Research,#,"href is ""#"""
directory-member/murat-akhuy,Foundation,Governance and financials,#,"href is ""#"""
directory-member/murat-akhuy,Get involved,Donate,/donate/,target returns 404
directory-member/murat-akhuy,Get involved,Accessibility,https://new.soilfoodweb.com/accessibility/,target returns 404
directory-member/murat-akhuy,Get involved,Close Menu,#,"href is ""#"""
directory-member/murat-akhuy,Get involved,Partner on Research,#,"href is ""#"""
directory-member/mike-blancke,(top of page),Subscribe,#,"href is ""#"""
directory-member/mike-blancke,(top of page),Partner on Research,#,"href is ""#"""
directory-member/mike-blancke,Foundation,Governance and financials,#,"href is ""#"""
directory-member/mike-blancke,Get involved,Donate,/donate/,target returns 404
directory-member/mike-blancke,Get involved,Accessibility,https://new.soilfoodweb.com/accessibility/,target returns 404
directory-member/mike-blancke,Get involved,Close Menu,#,"href is ""#"""
directory-member/mike-blancke,Get involved,Partner on Research,#,"href is ""#"""
directory-member/miguel-ventura-%c2%a6-permabiologic,(top of page),Subscribe,#,"href is ""#"""
directory-member/miguel-ventura-%c2%a6-permabiologic,(top of page),Partner on Research,#,"href is ""#"""
directory-member/miguel-ventura-%c2%a6-permabiologic,Foundation,Governance and financials,#,"href is ""#"""
directory-member/miguel-ventura-%c2%a6-permabiologic,Get involved,Donate,/donate/,target returns 404
directory-member/miguel-ventura-%c2%a6-permabiologic,Get involved,Accessibility,https://new.soilfoodweb.com/accessibility/,target returns 404
directory-member/miguel-ventura-%c2%a6-permabiologic,Get involved,Close Menu,#,"href is ""#"""
directory-member/miguel-ventura-%c2%a6-permabiologic,Get involved,Partner on Research,#,"href is ""#"""
directory-member/michel-koma-bore,(top of page),Subscribe,#,"href is ""#"""
directory-member/michel-koma-bore,(top of page),Partner on Research,#,"href is ""#"""
directory-member/michel-koma-bore,Foundation,Governance and financials,#,"href is ""#"""
directory-member/michel-koma-bore,Get involved,Donate,/donate/,target returns 404
directory-member/michel-koma-bore,Get involved,Accessibility,https://new.soilfoodweb.com/accessibility/,target returns 404
directory-member/michel-koma-bore,Get involved,Close Menu,#,"href is ""#"""
directory-member/michel-koma-bore,Get involved,Partner on Research,#,"href is ""#"""
directory-member/michael-frey,(top of page),Subscribe,#,"href is ""#"""
directory-member/michael-frey,(top of page),Partner on Research,#,"href is ""#"""
directory-member/michael-frey,Foundation,Governance and financials,#,"href is ""#"""
directory-member/michael-frey,Get involved,Donate,/donate/,target returns 404
directory-member/michael-frey,Get involved,Accessibility,https://new.soilfoodweb.com/accessibility/,target returns 404
directory-member/michael-frey,Get involved,Close Menu,#,"href is ""#"""
directory-member/michael-frey,Get involved,Partner on Research,#,"href is ""#"""
directory-member/michael-evrard,(top of page),Subscribe,#,"href is ""#"""
directory-member/michael-evrard,(top of page),Partner on Research,#,"href is ""#"""
directory-member/michael-evrard,Foundation,Governance and financials,#,"href is ""#"""
directory-member/michael-evrard,Get involved,Donate,/donate/,target returns 404
directory-member/michael-evrard,Get involved,Accessibility,https://new.soilfoodweb.com/accessibility/,target returns 404
directory-member/michael-evrard,Get involved,Close Menu,#,"href is ""#"""
directory-member/michael-evrard,Get involved,Partner on Research,#,"href is ""#"""
directory-member/melissa-rodgers,(top of page),Subscribe,#,"href is ""#"""
directory-member/melissa-rodgers,(top of page),Partner on Research,#,"href is ""#"""
directory-member/melissa-rodgers,Foundation,Governance and financials,#,"href is ""#"""
directory-member/melissa-rodgers,Get involved,Donate,/donate/,target returns 404
directory-member/melissa-rodgers,Get involved,Accessibility,https://new.soilfoodweb.com/accessibility/,target returns 404
directory-member/melissa-rodgers,Get involved,Close Menu,#,"href is ""#"""
directory-member/melissa-rodgers,Get involved,Partner on Research,#,"href is ""#"""
directory-member/megan-weeber,(top of page),Subscribe,#,"href is ""#"""
directory-member/megan-weeber,(top of page),Partner on Research,#,"href is ""#"""
directory-member/megan-weeber,Foundation,Governance and financials,#,"href is ""#"""
directory-member/megan-weeber,Get involved,Donate,/donate/,target returns 404
directory-member/megan-weeber,Get involved,Accessibility,https://new.soilfoodweb.com/accessibility/,target returns 404
directory-member/megan-weeber,Get involved,Close Menu,#,"href is ""#"""
directory-member/megan-weeber,Get involved,Partner on Research,#,"href is ""#"""
directory-member/matthew-kling,(top of page),Subscribe,#,"href is ""#"""
directory-member/matthew-kling,(top of page),Partner on Research,#,"href is ""#"""
directory-member/matthew-kling,Foundation,Governance and financials,#,"href is ""#"""
directory-member/matthew-kling,Get involved,Donate,/donate/,target returns 404
directory-member/matthew-kling,Get involved,Accessibility,https://new.soilfoodweb.com/accessibility/,target returns 404
directory-member/matthew-kling,Get involved,Close Menu,#,"href is ""#"""
directory-member/matthew-kling,Get involved,Partner on Research,#,"href is ""#"""
directory-member/marissa-busch,(top of page),Subscribe,#,"href is ""#"""
directory-member/marissa-busch,(top of page),Partner on Research,#,"href is ""#"""
directory-member/marissa-busch,Foundation,Governance and financials,#,"href is ""#"""
directory-member/marissa-busch,Get involved,Donate,/donate/,target returns 404
directory-member/marissa-busch,Get involved,Accessibility,https://new.soilfoodweb.com/accessibility/,target returns 404
directory-member/marissa-busch,Get involved,Close Menu,#,"href is ""#"""
directory-member/marissa-busch,Get involved,Partner on Research,#,"href is ""#"""
directory-member/mario-villamiel,(top of page),Subscribe,#,"href is ""#"""
directory-member/mario-villamiel,(top of page),Partner on Research,#,"href is ""#"""
directory-member/mario-villamiel,Foundation,Governance and financials,#,"href is ""#"""
directory-member/mario-villamiel,Get involved,Donate,/donate/,target returns 404
directory-member/mario-villamiel,Get involved,Accessibility,https://new.soilfoodweb.com/accessibility/,target returns 404
directory-member/mario-villamiel,Get involved,Close Menu,#,"href is ""#"""
directory-member/mario-villamiel,Get involved,Partner on Research,#,"href is ""#"""
directory-member/maria-loper,(top of page),Subscribe,#,"href is ""#"""
directory-member/maria-loper,(top of page),Partner on Research,#,"href is ""#"""
directory-member/maria-loper,Foundation,Governance and financials,#,"href is ""#"""
directory-member/maria-loper,Get involved,Donate,/donate/,target returns 404
directory-member/maria-loper,Get involved,Accessibility,https://new.soilfoodweb.com/accessibility/,target returns 404
directory-member/maria-loper,Get involved,Close Menu,#,"href is ""#"""
directory-member/maria-loper,Get involved,Partner on Research,#,"href is ""#"""
directory-member/marcelino-meincke,(top of page),Subscribe,#,"href is ""#"""
directory-member/marcelino-meincke,(top of page),Partner on Research,#,"href is ""#"""
directory-member/marcelino-meincke,Foundation,Governance and financials,#,"href is ""#"""
directory-member/marcelino-meincke,Get involved,Donate,/donate/,target returns 404
directory-member/marcelino-meincke,Get involved,Accessibility,https://new.soilfoodweb.com/accessibility/,target returns 404
directory-member/marcelino-meincke,Get involved,Close Menu,#,"href is ""#"""
directory-member/marcelino-meincke,Get involved,Partner on Research,#,"href is ""#"""
directory-member/maggie-judd,(top of page),Subscribe,#,"href is ""#"""
directory-member/maggie-judd,(top of page),Partner on Research,#,"href is ""#"""
directory-member/maggie-judd,Foundation,Governance and financials,#,"href is ""#"""
directory-member/maggie-judd,Get involved,Donate,/donate/,target returns 404
directory-member/maggie-judd,Get involved,Accessibility,https://new.soilfoodweb.com/accessibility/,target returns 404
directory-member/maggie-judd,Get involved,Close Menu,#,"href is ""#"""
directory-member/maggie-judd,Get involved,Partner on Research,#,"href is ""#"""
directory-member/lori-von-der-heydt,(top of page),Subscribe,#,"href is ""#"""
directory-member/lori-von-der-heydt,(top of page),Partner on Research,#,"href is ""#"""
directory-member/lori-von-der-heydt,Foundation,Governance and financials,#,"href is ""#"""
directory-member/lori-von-der-heydt,Get involved,Donate,/donate/,target returns 404
directory-member/lori-von-der-heydt,Get involved,Accessibility,https://new.soilfoodweb.com/accessibility/,target returns 404
directory-member/lori-von-der-heydt,Get involved,Close Menu,#,"href is ""#"""
directory-member/lori-von-der-heydt,Get involved,Partner on Research,#,"href is ""#"""
directory-member/lisa-price,(top of page),Subscribe,#,"href is ""#"""
directory-member/lisa-price,(top of page),Partner on Research,#,"href is ""#"""
directory-member/lisa-price,Foundation,Governance and financials,#,"href is ""#"""
directory-member/lisa-price,Get involved,Donate,/donate/,target returns 404
directory-member/lisa-price,Get involved,Accessibility,https://new.soilfoodweb.com/accessibility/,target returns 404
directory-member/lisa-price,Get involved,Close Menu,#,"href is ""#"""
directory-member/lisa-price,Get involved,Partner on Research,#,"href is ""#"""
directory-member/lina-alegre,(top of page),Subscribe,#,"href is ""#"""
directory-member/lina-alegre,(top of page),Partner on Research,#,"href is ""#"""
directory-member/lina-alegre,Foundation,Governance and financials,#,"href is ""#"""
directory-member/lina-alegre,Get involved,Donate,/donate/,target returns 404
directory-member/lina-alegre,Get involved,Accessibility,https://new.soilfoodweb.com/accessibility/,target returns 404
directory-member/lina-alegre,Get involved,Close Menu,#,"href is ""#"""
directory-member/lina-alegre,Get involved,Partner on Research,#,"href is ""#"""
directory-member/leslie-lewis,(top of page),Subscribe,#,"href is ""#"""
directory-member/leslie-lewis,(top of page),Partner on Research,#,"href is ""#"""
directory-member/leslie-lewis,Foundation,Governance and financials,#,"href is ""#"""
directory-member/leslie-lewis,Get involved,Donate,/donate/,target returns 404
directory-member/leslie-lewis,Get involved,Accessibility,https://new.soilfoodweb.com/accessibility/,target returns 404
directory-member/leslie-lewis,Get involved,Close Menu,#,"href is ""#"""
directory-member/leslie-lewis,Get involved,Partner on Research,#,"href is ""#"""
directory-member/leon-du-plessis,(top of page),Subscribe,#,"href is ""#"""
directory-member/leon-du-plessis,(top of page),Partner on Research,#,"href is ""#"""
directory-member/leon-du-plessis,Foundation,Governance and financials,#,"href is ""#"""
directory-member/leon-du-plessis,Get involved,Donate,/donate/,target returns 404
directory-member/leon-du-plessis,Get involved,Accessibility,https://new.soilfoodweb.com/accessibility/,target returns 404
directory-member/leon-du-plessis,Get involved,Close Menu,#,"href is ""#"""
directory-member/leon-du-plessis,Get involved,Partner on Research,#,"href is ""#"""
directory-member/leif-busk,(top of page),Subscribe,#,"href is ""#"""
directory-member/leif-busk,(top of page),Partner on Research,#,"href is ""#"""
directory-member/leif-busk,Foundation,Governance and financials,#,"href is ""#"""
directory-member/leif-busk,Get involved,Donate,/donate/,target returns 404
directory-member/leif-busk,Get involved,Accessibility,https://new.soilfoodweb.com/accessibility/,target returns 404
directory-member/leif-busk,Get involved,Close Menu,#,"href is ""#"""
directory-member/leif-busk,Get involved,Partner on Research,#,"href is ""#"""
directory-member/laura-barnwell,(top of page),Subscribe,#,"href is ""#"""
directory-member/laura-barnwell,(top of page),Partner on Research,#,"href is ""#"""
directory-member/laura-barnwell,Foundation,Governance and financials,#,"href is ""#"""
directory-member/laura-barnwell,Get involved,Donate,/donate/,target returns 404
directory-member/laura-barnwell,Get involved,Accessibility,https://new.soilfoodweb.com/accessibility/,target returns 404
directory-member/laura-barnwell,Get involved,Close Menu,#,"href is ""#"""
directory-member/laura-barnwell,Get involved,Partner on Research,#,"href is ""#"""
directory-member/kylie-pickles,(top of page),Subscribe,#,"href is ""#"""
directory-member/kylie-pickles,(top of page),Partner on Research,#,"href is ""#"""
directory-member/kylie-pickles,Foundation,Governance and financials,#,"href is ""#"""
directory-member/kylie-pickles,Get involved,Donate,/donate/,target returns 404
directory-member/kylie-pickles,Get involved,Accessibility,https://new.soilfoodweb.com/accessibility/,target returns 404
directory-member/kylie-pickles,Get involved,Close Menu,#,"href is ""#"""
directory-member/kylie-pickles,Get involved,Partner on Research,#,"href is ""#"""
directory-member/krisi-olivero,(top of page),Subscribe,#,"href is ""#"""
directory-member/krisi-olivero,(top of page),Partner on Research,#,"href is ""#"""
directory-member/krisi-olivero,Foundation,Governance and financials,#,"href is ""#"""
directory-member/krisi-olivero,Get involved,Donate,/donate/,target returns 404
directory-member/krisi-olivero,Get involved,Accessibility,https://new.soilfoodweb.com/accessibility/,target returns 404
directory-member/krisi-olivero,Get involved,Close Menu,#,"href is ""#"""
directory-member/krisi-olivero,Get involved,Partner on Research,#,"href is ""#"""
directory-member/kevin-krause,(top of page),Subscribe,#,"href is ""#"""
directory-member/kevin-krause,(top of page),Partner on Research,#,"href is ""#"""
directory-member/kevin-krause,Foundation,Governance and financials,#,"href is ""#"""
directory-member/kevin-krause,Get involved,Donate,/donate/,target returns 404
directory-member/kevin-krause,Get involved,Accessibility,https://new.soilfoodweb.com/accessibility/,target returns 404
directory-member/kevin-krause,Get involved,Close Menu,#,"href is ""#"""
directory-member/kevin-krause,Get involved,Partner on Research,#,"href is ""#"""
directory-member/kevin-fretz,(top of page),Subscribe,#,"href is ""#"""
directory-member/kevin-fretz,(top of page),Partner on Research,#,"href is ""#"""
directory-member/kevin-fretz,Foundation,Governance and financials,#,"href is ""#"""
directory-member/kevin-fretz,Get involved,Donate,/donate/,target returns 404
directory-member/kevin-fretz,Get involved,Accessibility,https://new.soilfoodweb.com/accessibility/,target returns 404
directory-member/kevin-fretz,Get involved,Close Menu,#,"href is ""#"""
directory-member/kevin-fretz,Get involved,Partner on Research,#,"href is ""#"""
directory-member/kent-holle,(top of page),Subscribe,#,"href is ""#"""
directory-member/kent-holle,(top of page),Partner on Research,#,"href is ""#"""
directory-member/kent-holle,Foundation,Governance and financials,#,"href is ""#"""
directory-member/kent-holle,Get involved,Donate,/donate/,target returns 404
directory-member/kent-holle,Get involved,Accessibility,https://new.soilfoodweb.com/accessibility/,target returns 404
directory-member/kent-holle,Get involved,Close Menu,#,"href is ""#"""
directory-member/kent-holle,Get involved,Partner on Research,#,"href is ""#"""
directory-member/kathy-schreiber,(top of page),Subscribe,#,"href is ""#"""
directory-member/kathy-schreiber,(top of page),Partner on Research,#,"href is ""#"""
directory-member/kathy-schreiber,Foundation,Governance and financials,#,"href is ""#"""
directory-member/kathy-schreiber,Get involved,Donate,/donate/,target returns 404
directory-member/kathy-schreiber,Get involved,Accessibility,https://new.soilfoodweb.com/accessibility/,target returns 404
directory-member/kathy-schreiber,Get involved,Close Menu,#,"href is ""#"""
directory-member/kathy-schreiber,Get involved,Partner on Research,#,"href is ""#"""
directory-member/justin-whittaker,(top of page),Subscribe,#,"href is ""#"""
directory-member/justin-whittaker,(top of page),Partner on Research,#,"href is ""#"""
directory-member/justin-whittaker,Foundation,Governance and financials,#,"href is ""#"""
directory-member/justin-whittaker,Get involved,Donate,/donate/,target returns 404
directory-member/justin-whittaker,Get involved,Accessibility,https://new.soilfoodweb.com/accessibility/,target returns 404
directory-member/justin-whittaker,Get involved,Close Menu,#,"href is ""#"""
directory-member/justin-whittaker,Get involved,Partner on Research,#,"href is ""#"""
directory-member/julie-shedko,(top of page),Subscribe,#,"href is ""#"""
directory-member/julie-shedko,(top of page),Partner on Research,#,"href is ""#"""
directory-member/julie-shedko,Foundation,Governance and financials,#,"href is ""#"""
directory-member/julie-shedko,Get involved,Donate,/donate/,target returns 404
directory-member/julie-shedko,Get involved,Accessibility,https://new.soilfoodweb.com/accessibility/,target returns 404
directory-member/julie-shedko,Get involved,Close Menu,#,"href is ""#"""
directory-member/julie-shedko,Get involved,Partner on Research,#,"href is ""#"""
directory-member/julian-ravenscroft,(top of page),Subscribe,#,"href is ""#"""
directory-member/julian-ravenscroft,(top of page),Partner on Research,#,"href is ""#"""
directory-member/julian-ravenscroft,Foundation,Governance and financials,#,"href is ""#"""
directory-member/julian-ravenscroft,Get involved,Donate,/donate/,target returns 404
directory-member/julian-ravenscroft,Get involved,Accessibility,https://new.soilfoodweb.com/accessibility/,target returns 404
directory-member/julian-ravenscroft,Get involved,Close Menu,#,"href is ""#"""
directory-member/julian-ravenscroft,Get involved,Partner on Research,#,"href is ""#"""
directory-member/julia-dupuis,(top of page),Subscribe,#,"href is ""#"""
directory-member/julia-dupuis,(top of page),Partner on Research,#,"href is ""#"""
directory-member/julia-dupuis,Foundation,Governance and financials,#,"href is ""#"""
directory-member/julia-dupuis,Get involved,Donate,/donate/,target returns 404
directory-member/julia-dupuis,Get involved,Accessibility,https://new.soilfoodweb.com/accessibility/,target returns 404
directory-member/julia-dupuis,Get involved,Close Menu,#,"href is ""#"""
directory-member/julia-dupuis,Get involved,Partner on Research,#,"href is ""#"""
directory-member/judith-green,(top of page),Subscribe,#,"href is ""#"""
directory-member/judith-green,(top of page),Partner on Research,#,"href is ""#"""
directory-member/judith-green,Foundation,Governance and financials,#,"href is ""#"""
directory-member/judith-green,Get involved,Donate,/donate/,target returns 404
directory-member/judith-green,Get involved,Accessibility,https://new.soilfoodweb.com/accessibility/,target returns 404
directory-member/judith-green,Get involved,Close Menu,#,"href is ""#"""
directory-member/judith-green,Get involved,Partner on Research,#,"href is ""#"""
directory-member/jose-santa-cruz,(top of page),Subscribe,#,"href is ""#"""
directory-member/jose-santa-cruz,(top of page),Partner on Research,#,"href is ""#"""
directory-member/jose-santa-cruz,Foundation,Governance and financials,#,"href is ""#"""
directory-member/jose-santa-cruz,Get involved,Donate,/donate/,target returns 404
directory-member/jose-santa-cruz,Get involved,Accessibility,https://new.soilfoodweb.com/accessibility/,target returns 404
directory-member/jose-santa-cruz,Get involved,Close Menu,#,"href is ""#"""
directory-member/jose-santa-cruz,Get involved,Partner on Research,#,"href is ""#"""
directory-member/josh-cheng,(top of page),Subscribe,#,"href is ""#"""
directory-member/josh-cheng,(top of page),Partner on Research,#,"href is ""#"""
directory-member/josh-cheng,Foundation,Governance and financials,#,"href is ""#"""
directory-member/josh-cheng,Get involved,Donate,/donate/,target returns 404
directory-member/josh-cheng,Get involved,Accessibility,https://new.soilfoodweb.com/accessibility/,target returns 404
directory-member/josh-cheng,Get involved,Close Menu,#,"href is ""#"""
directory-member/josh-cheng,Get involved,Partner on Research,#,"href is ""#"""
directory-member/joe-zanotelli,(top of page),Subscribe,#,"href is ""#"""
directory-member/joe-zanotelli,(top of page),Partner on Research,#,"href is ""#"""
directory-member/joe-zanotelli,Foundation,Governance and financials,#,"href is ""#"""
directory-member/joe-zanotelli,Get involved,Donate,/donate/,target returns 404
directory-member/joe-zanotelli,Get involved,Accessibility,https://new.soilfoodweb.com/accessibility/,target returns 404
directory-member/joe-zanotelli,Get involved,Close Menu,#,"href is ""#"""
directory-member/joe-zanotelli,Get involved,Partner on Research,#,"href is ""#"""
directory-member/joaquin-perez,(top of page),Subscribe,#,"href is ""#"""
directory-member/joaquin-perez,(top of page),Partner on Research,#,"href is ""#"""
directory-member/joaquin-perez,Foundation,Governance and financials,#,"href is ""#"""
directory-member/joaquin-perez,Get involved,Donate,/donate/,target returns 404
directory-member/joaquin-perez,Get involved,Accessibility,https://new.soilfoodweb.com/accessibility/,target returns 404
directory-member/joaquin-perez,Get involved,Close Menu,#,"href is ""#"""
directory-member/joaquin-perez,Get involved,Partner on Research,#,"href is ""#"""
directory-member/jesper-andersson,(top of page),Subscribe,#,"href is ""#"""
directory-member/jesper-andersson,(top of page),Partner on Research,#,"href is ""#"""
directory-member/jesper-andersson,Foundation,Governance and financials,#,"href is ""#"""
directory-member/jesper-andersson,Get involved,Donate,/donate/,target returns 404
directory-member/jesper-andersson,Get involved,Accessibility,https://new.soilfoodweb.com/accessibility/,target returns 404
directory-member/jesper-andersson,Get involved,Close Menu,#,"href is ""#"""
directory-member/jesper-andersson,Get involved,Partner on Research,#,"href is ""#"""
directory-member/jerry-field,(top of page),Subscribe,#,"href is ""#"""
directory-member/jerry-field,(top of page),Partner on Research,#,"href is ""#"""
directory-member/jerry-field,Foundation,Governance and financials,#,"href is ""#"""
directory-member/jerry-field,Get involved,Donate,/donate/,target returns 404
directory-member/jerry-field,Get involved,Accessibility,https://new.soilfoodweb.com/accessibility/,target returns 404
directory-member/jerry-field,Get involved,Close Menu,#,"href is ""#"""
directory-member/jerry-field,Get involved,Partner on Research,#,"href is ""#"""
directory-member/jeroen-boss,(top of page),Subscribe,#,"href is ""#"""
directory-member/jeroen-boss,(top of page),Partner on Research,#,"href is ""#"""
directory-member/jeroen-boss,Foundation,Governance and financials,#,"href is ""#"""
directory-member/jeroen-boss,Get involved,Donate,/donate/,target returns 404
directory-member/jeroen-boss,Get involved,Accessibility,https://new.soilfoodweb.com/accessibility/,target returns 404
directory-member/jeroen-boss,Get involved,Close Menu,#,"href is ""#"""
directory-member/jeroen-boss,Get involved,Partner on Research,#,"href is ""#"""
directory-member/jenny-sanderson,(top of page),Subscribe,#,"href is ""#"""
directory-member/jenny-sanderson,(top of page),Partner on Research,#,"href is ""#"""
directory-member/jenny-sanderson,Foundation,Governance and financials,#,"href is ""#"""
directory-member/jenny-sanderson,Get involved,Donate,/donate/,target returns 404
directory-member/jenny-sanderson,Get involved,Accessibility,https://new.soilfoodweb.com/accessibility/,target returns 404
directory-member/jenny-sanderson,Get involved,Close Menu,#,"href is ""#"""
directory-member/jenny-sanderson,Get involved,Partner on Research,#,"href is ""#"""
directory-member/jennifer-neufeld,(top of page),Subscribe,#,"href is ""#"""
directory-member/jennifer-neufeld,(top of page),Partner on Research,#,"href is ""#"""
directory-member/jennifer-neufeld,Foundation,Governance and financials,#,"href is ""#"""
directory-member/jennifer-neufeld,Get involved,Donate,/donate/,target returns 404
directory-member/jennifer-neufeld,Get involved,Accessibility,https://new.soilfoodweb.com/accessibility/,target returns 404
directory-member/jennifer-neufeld,Get involved,Close Menu,#,"href is ""#"""
directory-member/jennifer-neufeld,Get involved,Partner on Research,#,"href is ""#"""
directory-member/jean-baptiste-nazarie,(top of page),Subscribe,#,"href is ""#"""
directory-member/jean-baptiste-nazarie,(top of page),Partner on Research,#,"href is ""#"""
directory-member/jean-baptiste-nazarie,Foundation,Governance and financials,#,"href is ""#"""
directory-member/jean-baptiste-nazarie,Get involved,Donate,/donate/,target returns 404
directory-member/jean-baptiste-nazarie,Get involved,Accessibility,https://new.soilfoodweb.com/accessibility/,target returns 404
directory-member/jean-baptiste-nazarie,Get involved,Close Menu,#,"href is ""#"""
directory-member/jean-baptiste-nazarie,Get involved,Partner on Research,#,"href is ""#"""
directory-member/jayden-fmf,(top of page),Subscribe,#,"href is ""#"""
directory-member/jayden-fmf,(top of page),Partner on Research,#,"href is ""#"""
directory-member/jayden-fmf,Foundation,Governance and financials,#,"href is ""#"""
directory-member/jayden-fmf,Get involved,Donate,/donate/,target returns 404
directory-member/jayden-fmf,Get involved,Accessibility,https://new.soilfoodweb.com/accessibility/,target returns 404
directory-member/jayden-fmf,Get involved,Close Menu,#,"href is ""#"""
directory-member/jayden-fmf,Get involved,Partner on Research,#,"href is ""#"""
directory-member/jason-gearheart,(top of page),Subscribe,#,"href is ""#"""
directory-member/jason-gearheart,(top of page),Partner on Research,#,"href is ""#"""
directory-member/jason-gearheart,Foundation,Governance and financials,#,"href is ""#"""
directory-member/jason-gearheart,Get involved,Donate,/donate/,target returns 404
directory-member/jason-gearheart,Get involved,Accessibility,https://new.soilfoodweb.com/accessibility/,target returns 404
directory-member/jason-gearheart,Get involved,Close Menu,#,"href is ""#"""
directory-member/jason-gearheart,Get involved,Partner on Research,#,"href is ""#"""
directory-member/janet-moore,(top of page),Subscribe,#,"href is ""#"""
directory-member/janet-moore,(top of page),Partner on Research,#,"href is ""#"""
directory-member/janet-moore,Foundation,Governance and financials,#,"href is ""#"""
directory-member/janet-moore,Get involved,Donate,/donate/,target returns 404
directory-member/janet-moore,Get involved,Accessibility,https://new.soilfoodweb.com/accessibility/,target returns 404
directory-member/janet-moore,Get involved,Close Menu,#,"href is ""#"""
directory-member/janet-moore,Get involved,Partner on Research,#,"href is ""#"""
directory-member/jamie-dickinson,(top of page),Subscribe,#,"href is ""#"""
directory-member/jamie-dickinson,(top of page),Partner on Research,#,"href is ""#"""
directory-member/jamie-dickinson,Foundation,Governance and financials,#,"href is ""#"""
directory-member/jamie-dickinson,Get involved,Donate,/donate/,target returns 404
directory-member/jamie-dickinson,Get involved,Accessibility,https://new.soilfoodweb.com/accessibility/,target returns 404
directory-member/jamie-dickinson,Get involved,Close Menu,#,"href is ""#"""
directory-member/jamie-dickinson,Get involved,Partner on Research,#,"href is ""#"""
directory-member/jacopo-orazi,(top of page),Subscribe,#,"href is ""#"""
directory-member/jacopo-orazi,(top of page),Partner on Research,#,"href is ""#"""
directory-member/jacopo-orazi,Foundation,Governance and financials,#,"href is ""#"""
directory-member/jacopo-orazi,Get involved,Donate,/donate/,target returns 404
directory-member/jacopo-orazi,Get involved,Accessibility,https://new.soilfoodweb.com/accessibility/,target returns 404
directory-member/jacopo-orazi,Get involved,Close Menu,#,"href is ""#"""
directory-member/jacopo-orazi,Get involved,Partner on Research,#,"href is ""#"""
directory-member/isadora-schmidt,(top of page),Subscribe,#,"href is ""#"""
directory-member/isadora-schmidt,(top of page),Partner on Research,#,"href is ""#"""
directory-member/isadora-schmidt,Foundation,Governance and financials,#,"href is ""#"""
directory-member/isadora-schmidt,Get involved,Donate,/donate/,target returns 404
directory-member/isadora-schmidt,Get involved,Accessibility,https://new.soilfoodweb.com/accessibility/,target returns 404
directory-member/isadora-schmidt,Get involved,Close Menu,#,"href is ""#"""
directory-member/isadora-schmidt,Get involved,Partner on Research,#,"href is ""#"""
directory-member/ireth-garcia,(top of page),Subscribe,#,"href is ""#"""
directory-member/ireth-garcia,(top of page),Partner on Research,#,"href is ""#"""
directory-member/ireth-garcia,Foundation,Governance and financials,#,"href is ""#"""
directory-member/ireth-garcia,Get involved,Donate,/donate/,target returns 404
directory-member/ireth-garcia,Get involved,Accessibility,https://new.soilfoodweb.com/accessibility/,target returns 404
directory-member/ireth-garcia,Get involved,Close Menu,#,"href is ""#"""
directory-member/ireth-garcia,Get involved,Partner on Research,#,"href is ""#"""
directory-member/ilona-angelova,(top of page),Subscribe,#,"href is ""#"""
directory-member/ilona-angelova,(top of page),Partner on Research,#,"href is ""#"""
directory-member/ilona-angelova,Foundation,Governance and financials,#,"href is ""#"""
directory-member/ilona-angelova,Get involved,Donate,/donate/,target returns 404
directory-member/ilona-angelova,Get involved,Accessibility,https://new.soilfoodweb.com/accessibility/,target returns 404
directory-member/ilona-angelova,Get involved,Close Menu,#,"href is ""#"""
directory-member/ilona-angelova,Get involved,Partner on Research,#,"href is ""#"""
directory-member/holly-headrick,(top of page),Subscribe,#,"href is ""#"""
directory-member/holly-headrick,(top of page),Partner on Research,#,"href is ""#"""
directory-member/holly-headrick,Foundation,Governance and financials,#,"href is ""#"""
directory-member/holly-headrick,Get involved,Donate,/donate/,target returns 404
directory-member/holly-headrick,Get involved,Accessibility,https://new.soilfoodweb.com/accessibility/,target returns 404
directory-member/holly-headrick,Get involved,Close Menu,#,"href is ""#"""
directory-member/holly-headrick,Get involved,Partner on Research,#,"href is ""#"""
directory-member/henk-breugem,(top of page),Subscribe,#,"href is ""#"""
directory-member/henk-breugem,(top of page),Partner on Research,#,"href is ""#"""
directory-member/henk-breugem,Foundation,Governance and financials,#,"href is ""#"""
directory-member/henk-breugem,Get involved,Donate,/donate/,target returns 404
directory-member/henk-breugem,Get involved,Accessibility,https://new.soilfoodweb.com/accessibility/,target returns 404
directory-member/henk-breugem,Get involved,Close Menu,#,"href is ""#"""
directory-member/henk-breugem,Get involved,Partner on Research,#,"href is ""#"""
directory-member/hanneke-hietink,(top of page),Subscribe,#,"href is ""#"""
directory-member/hanneke-hietink,(top of page),Partner on Research,#,"href is ""#"""
directory-member/hanneke-hietink,Foundation,Governance and financials,#,"href is ""#"""
directory-member/hanneke-hietink,Get involved,Donate,/donate/,target returns 404
directory-member/hanneke-hietink,Get involved,Accessibility,https://new.soilfoodweb.com/accessibility/,target returns 404
directory-member/hanneke-hietink,Get involved,Close Menu,#,"href is ""#"""
directory-member/hanneke-hietink,Get involved,Partner on Research,#,"href is ""#"""
directory-member/filip-golebiewski,(top of page),Subscribe,#,"href is ""#"""
directory-member/filip-golebiewski,(top of page),Partner on Research,#,"href is ""#"""
directory-member/filip-golebiewski,Foundation,Governance and financials,#,"href is ""#"""
directory-member/filip-golebiewski,Get involved,Donate,/donate/,target returns 404
directory-member/filip-golebiewski,Get involved,Accessibility,https://new.soilfoodweb.com/accessibility/,target returns 404
directory-member/filip-golebiewski,Get involved,Close Menu,#,"href is ""#"""
directory-member/filip-golebiewski,Get involved,Partner on Research,#,"href is ""#"""
directory-member/fernando-gutierrez,(top of page),Subscribe,#,"href is ""#"""
directory-member/fernando-gutierrez,(top of page),Partner on Research,#,"href is ""#"""
directory-member/fernando-gutierrez,Foundation,Governance and financials,#,"href is ""#"""
directory-member/fernando-gutierrez,Get involved,Donate,/donate/,target returns 404
directory-member/fernando-gutierrez,Get involved,Accessibility,https://new.soilfoodweb.com/accessibility/,target returns 404
directory-member/fernando-gutierrez,Get involved,Close Menu,#,"href is ""#"""
directory-member/fernando-gutierrez,Get involved,Partner on Research,#,"href is ""#"""
directory-member/fatma-kamai,(top of page),Subscribe,#,"href is ""#"""
directory-member/fatma-kamai,(top of page),Partner on Research,#,"href is ""#"""
directory-member/fatma-kamai,Foundation,Governance and financials,#,"href is ""#"""
directory-member/fatma-kamai,Get involved,Donate,/donate/,target returns 404
directory-member/fatma-kamai,Get involved,Accessibility,https://new.soilfoodweb.com/accessibility/,target returns 404
directory-member/fatma-kamai,Get involved,Close Menu,#,"href is ""#"""
directory-member/fatma-kamai,Get involved,Partner on Research,#,"href is ""#"""
directory-member/faith-moeser,(top of page),Subscribe,#,"href is ""#"""
directory-member/faith-moeser,(top of page),Partner on Research,#,"href is ""#"""
directory-member/faith-moeser,Foundation,Governance and financials,#,"href is ""#"""
directory-member/faith-moeser,Get involved,Donate,/donate/,target returns 404
directory-member/faith-moeser,Get involved,Accessibility,https://new.soilfoodweb.com/accessibility/,target returns 404
directory-member/faith-moeser,Get involved,Close Menu,#,"href is ""#"""
directory-member/faith-moeser,Get involved,Partner on Research,#,"href is ""#"""
directory-member/fahri-ulucay,(top of page),Subscribe,#,"href is ""#"""
directory-member/fahri-ulucay,(top of page),Partner on Research,#,"href is ""#"""
directory-member/fahri-ulucay,Foundation,Governance and financials,#,"href is ""#"""
directory-member/fahri-ulucay,Get involved,Donate,/donate/,target returns 404
directory-member/fahri-ulucay,Get involved,Accessibility,https://new.soilfoodweb.com/accessibility/,target returns 404
directory-member/fahri-ulucay,Get involved,Close Menu,#,"href is ""#"""
directory-member/fahri-ulucay,Get involved,Partner on Research,#,"href is ""#"""
directory-member/felipe-lupusella,(top of page),Subscribe,#,"href is ""#"""
directory-member/felipe-lupusella,(top of page),Partner on Research,#,"href is ""#"""
directory-member/felipe-lupusella,Foundation,Governance and financials,#,"href is ""#"""
directory-member/felipe-lupusella,Get involved,Donate,/donate/,target returns 404
directory-member/felipe-lupusella,Get involved,Accessibility,https://new.soilfoodweb.com/accessibility/,target returns 404
directory-member/felipe-lupusella,Get involved,Close Menu,#,"href is ""#"""
directory-member/felipe-lupusella,Get involved,Partner on Research,#,"href is ""#"""
directory-member/eric-johnson,(top of page),Subscribe,#,"href is ""#"""
directory-member/eric-johnson,(top of page),Partner on Research,#,"href is ""#"""
directory-member/eric-johnson,Foundation,Governance and financials,#,"href is ""#"""
directory-member/eric-johnson,Get involved,Donate,/donate/,target returns 404
directory-member/eric-johnson,Get involved,Accessibility,https://new.soilfoodweb.com/accessibility/,target returns 404
directory-member/eric-johnson,Get involved,Close Menu,#,"href is ""#"""
directory-member/eric-johnson,Get involved,Partner on Research,#,"href is ""#"""
directory-member/eric-feiler,(top of page),Subscribe,#,"href is ""#"""
directory-member/eric-feiler,(top of page),Partner on Research,#,"href is ""#"""
directory-member/eric-feiler,Foundation,Governance and financials,#,"href is ""#"""
directory-member/eric-feiler,Get involved,Donate,/donate/,target returns 404
directory-member/eric-feiler,Get involved,Accessibility,https://new.soilfoodweb.com/accessibility/,target returns 404
directory-member/eric-feiler,Get involved,Close Menu,#,"href is ""#"""
directory-member/eric-feiler,Get involved,Partner on Research,#,"href is ""#"""
directory-member/elizabeth-romo-rabago,(top of page),Subscribe,#,"href is ""#"""
directory-member/elizabeth-romo-rabago,(top of page),Partner on Research,#,"href is ""#"""
directory-member/elizabeth-romo-rabago,Foundation,Governance and financials,#,"href is ""#"""
directory-member/elizabeth-romo-rabago,Get involved,Donate,/donate/,target returns 404
directory-member/elizabeth-romo-rabago,Get involved,Accessibility,https://new.soilfoodweb.com/accessibility/,target returns 404
directory-member/elizabeth-romo-rabago,Get involved,Close Menu,#,"href is ""#"""
directory-member/elizabeth-romo-rabago,Get involved,Partner on Research,#,"href is ""#"""
directory-member/elias-bajalia,(top of page),Subscribe,#,"href is ""#"""
directory-member/elias-bajalia,(top of page),Partner on Research,#,"href is ""#"""
directory-member/elias-bajalia,Foundation,Governance and financials,#,"href is ""#"""
directory-member/elias-bajalia,Get involved,Donate,/donate/,target returns 404
directory-member/elias-bajalia,Get involved,Accessibility,https://new.soilfoodweb.com/accessibility/,target returns 404
directory-member/elias-bajalia,Get involved,Close Menu,#,"href is ""#"""
directory-member/elias-bajalia,Get involved,Partner on Research,#,"href is ""#"""
directory-member/duncan-pepper,(top of page),Subscribe,#,"href is ""#"""
directory-member/duncan-pepper,(top of page),Partner on Research,#,"href is ""#"""
directory-member/duncan-pepper,Foundation,Governance and financials,#,"href is ""#"""
directory-member/duncan-pepper,Get involved,Donate,/donate/,target returns 404
directory-member/duncan-pepper,Get involved,Accessibility,https://new.soilfoodweb.com/accessibility/,target returns 404
directory-member/duncan-pepper,Get involved,Close Menu,#,"href is ""#"""
directory-member/duncan-pepper,Get involved,Partner on Research,#,"href is ""#"""
directory-member/dr-carla-portugal,(top of page),Subscribe,#,"href is ""#"""
directory-member/dr-carla-portugal,(top of page),Partner on Research,#,"href is ""#"""
directory-member/dr-carla-portugal,Foundation,Governance and financials,#,"href is ""#"""
directory-member/dr-carla-portugal,Get involved,Donate,/donate/,target returns 404
directory-member/dr-carla-portugal,Get involved,Accessibility,https://new.soilfoodweb.com/accessibility/,target returns 404
directory-member/dr-carla-portugal,Get involved,Close Menu,#,"href is ""#"""
directory-member/dr-carla-portugal,Get involved,Partner on Research,#,"href is ""#"""
directory-member/doug-ayers,(top of page),Subscribe,#,"href is ""#"""
directory-member/doug-ayers,(top of page),Partner on Research,#,"href is ""#"""
directory-member/doug-ayers,Foundation,Governance and financials,#,"href is ""#"""
directory-member/doug-ayers,Get involved,Donate,/donate/,target returns 404
directory-member/doug-ayers,Get involved,Accessibility,https://new.soilfoodweb.com/accessibility/,target returns 404
directory-member/doug-ayers,Get involved,Close Menu,#,"href is ""#"""
directory-member/doug-ayers,Get involved,Partner on Research,#,"href is ""#"""
directory-member/dora-tkalec,(top of page),Subscribe,#,"href is ""#"""
directory-member/dora-tkalec,(top of page),Partner on Research,#,"href is ""#"""
directory-member/dora-tkalec,Foundation,Governance and financials,#,"href is ""#"""
directory-member/dora-tkalec,Get involved,Donate,/donate/,target returns 404
directory-member/dora-tkalec,Get involved,Accessibility,https://new.soilfoodweb.com/accessibility/,target returns 404
directory-member/dora-tkalec,Get involved,Close Menu,#,"href is ""#"""
directory-member/dora-tkalec,Get involved,Partner on Research,#,"href is ""#"""
directory-member/dominique-lainez,(top of page),Subscribe,#,"href is ""#"""
directory-member/dominique-lainez,(top of page),Partner on Research,#,"href is ""#"""
directory-member/dominique-lainez,Foundation,Governance and financials,#,"href is ""#"""
directory-member/dominique-lainez,Get involved,Donate,/donate/,target returns 404
directory-member/dominique-lainez,Get involved,Accessibility,https://new.soilfoodweb.com/accessibility/,target returns 404
directory-member/dominique-lainez,Get involved,Close Menu,#,"href is ""#"""
directory-member/dominique-lainez,Get involved,Partner on Research,#,"href is ""#"""
directory-member/derek-barbe,(top of page),Subscribe,#,"href is ""#"""
directory-member/derek-barbe,(top of page),Partner on Research,#,"href is ""#"""
directory-member/derek-barbe,Foundation,Governance and financials,#,"href is ""#"""
directory-member/derek-barbe,Get involved,Donate,/donate/,target returns 404
directory-member/derek-barbe,Get involved,Accessibility,https://new.soilfoodweb.com/accessibility/,target returns 404
directory-member/derek-barbe,Get involved,Close Menu,#,"href is ""#"""
directory-member/derek-barbe,Get involved,Partner on Research,#,"href is ""#"""
directory-member/debbie-van-till,(top of page),Subscribe,#,"href is ""#"""
directory-member/debbie-van-till,(top of page),Partner on Research,#,"href is ""#"""
directory-member/debbie-van-till,Foundation,Governance and financials,#,"href is ""#"""
directory-member/debbie-van-till,Get involved,Donate,/donate/,target returns 404
directory-member/debbie-van-till,Get involved,Accessibility,https://new.soilfoodweb.com/accessibility/,target returns 404
directory-member/debbie-van-till,Get involved,Close Menu,#,"href is ""#"""
directory-member/debbie-van-till,Get involved,Partner on Research,#,"href is ""#"""
directory-member/debbie-naera,(top of page),Subscribe,#,"href is ""#"""
directory-member/debbie-naera,(top of page),Partner on Research,#,"href is ""#"""
directory-member/debbie-naera,Foundation,Governance and financials,#,"href is ""#"""
directory-member/debbie-naera,Get involved,Donate,/donate/,target returns 404
directory-member/debbie-naera,Get involved,Accessibility,https://new.soilfoodweb.com/accessibility/,target returns 404
directory-member/debbie-naera,Get involved,Close Menu,#,"href is ""#"""
directory-member/debbie-naera,Get involved,Partner on Research,#,"href is ""#"""
directory-member/davis-limbach,(top of page),Subscribe,#,"href is ""#"""
directory-member/davis-limbach,(top of page),Partner on Research,#,"href is ""#"""
directory-member/davis-limbach,Foundation,Governance and financials,#,"href is ""#"""
directory-member/davis-limbach,Get involved,Donate,/donate/,target returns 404
directory-member/davis-limbach,Get involved,Accessibility,https://new.soilfoodweb.com/accessibility/,target returns 404
directory-member/davis-limbach,Get involved,Close Menu,#,"href is ""#"""
directory-member/davis-limbach,Get involved,Partner on Research,#,"href is ""#"""
directory-member/david-acuna,(top of page),Subscribe,#,"href is ""#"""
directory-member/david-acuna,(top of page),Partner on Research,#,"href is ""#"""
directory-member/david-acuna,Foundation,Governance and financials,#,"href is ""#"""
directory-member/david-acuna,Get involved,Donate,/donate/,target returns 404
directory-member/david-acuna,Get involved,Accessibility,https://new.soilfoodweb.com/accessibility/,target returns 404
directory-member/david-acuna,Get involved,Close Menu,#,"href is ""#"""
directory-member/david-acuna,Get involved,Partner on Research,#,"href is ""#"""
directory-member/dani-vargas,(top of page),Subscribe,#,"href is ""#"""
directory-member/dani-vargas,(top of page),Partner on Research,#,"href is ""#"""
directory-member/dani-vargas,Foundation,Governance and financials,#,"href is ""#"""
directory-member/dani-vargas,Get involved,Donate,/donate/,target returns 404
directory-member/dani-vargas,Get involved,Accessibility,https://new.soilfoodweb.com/accessibility/,target returns 404
directory-member/dani-vargas,Get involved,Close Menu,#,"href is ""#"""
directory-member/dani-vargas,Get involved,Partner on Research,#,"href is ""#"""
directory-member/dan-shazar,(top of page),Subscribe,#,"href is ""#"""
directory-member/dan-shazar,(top of page),Partner on Research,#,"href is ""#"""
directory-member/dan-shazar,Foundation,Governance and financials,#,"href is ""#"""
directory-member/dan-shazar,Get involved,Donate,/donate/,target returns 404
directory-member/dan-shazar,Get involved,Accessibility,https://new.soilfoodweb.com/accessibility/,target returns 404
directory-member/dan-shazar,Get involved,Close Menu,#,"href is ""#"""
directory-member/dan-shazar,Get involved,Partner on Research,#,"href is ""#"""
directory-member/daisy-fair,(top of page),Subscribe,#,"href is ""#"""
directory-member/daisy-fair,(top of page),Partner on Research,#,"href is ""#"""
directory-member/daisy-fair,Foundation,Governance and financials,#,"href is ""#"""
directory-member/daisy-fair,Get involved,Donate,/donate/,target returns 404
directory-member/daisy-fair,Get involved,Accessibility,https://new.soilfoodweb.com/accessibility/,target returns 404
directory-member/daisy-fair,Get involved,Close Menu,#,"href is ""#"""
directory-member/daisy-fair,Get involved,Partner on Research,#,"href is ""#"""
directory-member/corinne-gwyther,(top of page),Subscribe,#,"href is ""#"""
directory-member/corinne-gwyther,(top of page),Partner on Research,#,"href is ""#"""
directory-member/corinne-gwyther,Foundation,Governance and financials,#,"href is ""#"""
directory-member/corinne-gwyther,Get involved,Donate,/donate/,target returns 404
directory-member/corinne-gwyther,Get involved,Accessibility,https://new.soilfoodweb.com/accessibility/,target returns 404
directory-member/corinne-gwyther,Get involved,Close Menu,#,"href is ""#"""
directory-member/corinne-gwyther,Get involved,Partner on Research,#,"href is ""#"""
directory-member/colleen-dempster,(top of page),Subscribe,#,"href is ""#"""
directory-member/colleen-dempster,(top of page),Partner on Research,#,"href is ""#"""
directory-member/colleen-dempster,Foundation,Governance and financials,#,"href is ""#"""
directory-member/colleen-dempster,Get involved,Donate,/donate/,target returns 404
directory-member/colleen-dempster,Get involved,Accessibility,https://new.soilfoodweb.com/accessibility/,target returns 404
directory-member/colleen-dempster,Get involved,Close Menu,#,"href is ""#"""
directory-member/colleen-dempster,Get involved,Partner on Research,#,"href is ""#"""
directory-member/christopher-carlislle,(top of page),Subscribe,#,"href is ""#"""
directory-member/christopher-carlislle,(top of page),Partner on Research,#,"href is ""#"""
directory-member/christopher-carlislle,Foundation,Governance and financials,#,"href is ""#"""
directory-member/christopher-carlislle,Get involved,Donate,/donate/,target returns 404
directory-member/christopher-carlislle,Get involved,Accessibility,https://new.soilfoodweb.com/accessibility/,target returns 404
directory-member/christopher-carlislle,Get involved,Close Menu,#,"href is ""#"""
directory-member/christopher-carlislle,Get involved,Partner on Research,#,"href is ""#"""
directory-member/christine-lenches-hinkel,(top of page),Subscribe,#,"href is ""#"""
directory-member/christine-lenches-hinkel,(top of page),Partner on Research,#,"href is ""#"""
directory-member/christine-lenches-hinkel,Foundation,Governance and financials,#,"href is ""#"""
directory-member/christine-lenches-hinkel,Get involved,Donate,/donate/,target returns 404
directory-member/christine-lenches-hinkel,Get involved,Accessibility,https://new.soilfoodweb.com/accessibility/,target returns 404
directory-member/christine-lenches-hinkel,Get involved,Close Menu,#,"href is ""#"""
directory-member/christine-lenches-hinkel,Get involved,Partner on Research,#,"href is ""#"""
directory-member/christine-gust,(top of page),Subscribe,#,"href is ""#"""
directory-member/christine-gust,(top of page),Partner on Research,#,"href is ""#"""
directory-member/christine-gust,Foundation,Governance and financials,#,"href is ""#"""
directory-member/christine-gust,Get involved,Donate,/donate/,target returns 404
directory-member/christine-gust,Get involved,Accessibility,https://new.soilfoodweb.com/accessibility/,target returns 404
directory-member/christine-gust,Get involved,Close Menu,#,"href is ""#"""
directory-member/christine-gust,Get involved,Partner on Research,#,"href is ""#"""
directory-member/chase-jones,(top of page),Subscribe,#,"href is ""#"""
directory-member/chase-jones,(top of page),Partner on Research,#,"href is ""#"""
directory-member/chase-jones,Foundation,Governance and financials,#,"href is ""#"""
directory-member/chase-jones,Get involved,Donate,/donate/,target returns 404
directory-member/chase-jones,Get involved,Accessibility,https://new.soilfoodweb.com/accessibility/,target returns 404
directory-member/chase-jones,Get involved,Close Menu,#,"href is ""#"""
directory-member/chase-jones,Get involved,Partner on Research,#,"href is ""#"""
directory-member/charlotte-huber,(top of page),Subscribe,#,"href is ""#"""
directory-member/charlotte-huber,(top of page),Partner on Research,#,"href is ""#"""
directory-member/charlotte-huber,Foundation,Governance and financials,#,"href is ""#"""
directory-member/charlotte-huber,Get involved,Donate,/donate/,target returns 404
directory-member/charlotte-huber,Get involved,Accessibility,https://new.soilfoodweb.com/accessibility/,target returns 404
directory-member/charlotte-huber,Get involved,Close Menu,#,"href is ""#"""
directory-member/charlotte-huber,Get involved,Partner on Research,#,"href is ""#"""
directory-member/charles-desmarais,(top of page),Subscribe,#,"href is ""#"""
directory-member/charles-desmarais,(top of page),Partner on Research,#,"href is ""#"""
directory-member/charles-desmarais,Foundation,Governance and financials,#,"href is ""#"""
directory-member/charles-desmarais,Get involved,Donate,/donate/,target returns 404
directory-member/charles-desmarais,Get involved,Accessibility,https://new.soilfoodweb.com/accessibility/,target returns 404
directory-member/charles-desmarais,Get involved,Close Menu,#,"href is ""#"""
directory-member/charles-desmarais,Get involved,Partner on Research,#,"href is ""#"""
directory-member/catheirne-mac-rae,(top of page),Subscribe,#,"href is ""#"""
directory-member/catheirne-mac-rae,(top of page),Partner on Research,#,"href is ""#"""
directory-member/catheirne-mac-rae,Foundation,Governance and financials,#,"href is ""#"""
directory-member/catheirne-mac-rae,Get involved,Donate,/donate/,target returns 404
directory-member/catheirne-mac-rae,Get involved,Accessibility,https://new.soilfoodweb.com/accessibility/,target returns 404
directory-member/catheirne-mac-rae,Get involved,Close Menu,#,"href is ""#"""
directory-member/catheirne-mac-rae,Get involved,Partner on Research,#,"href is ""#"""
directory-member/casey-williams,(top of page),Subscribe,#,"href is ""#"""
directory-member/casey-williams,(top of page),Partner on Research,#,"href is ""#"""
directory-member/casey-williams,Foundation,Governance and financials,#,"href is ""#"""
directory-member/casey-williams,Get involved,Donate,/donate/,target returns 404
directory-member/casey-williams,Get involved,Accessibility,https://new.soilfoodweb.com/accessibility/,target returns 404
directory-member/casey-williams,Get involved,Close Menu,#,"href is ""#"""
directory-member/casey-williams,Get involved,Partner on Research,#,"href is ""#"""
directory-member/casey-ernst,(top of page),Subscribe,#,"href is ""#"""
directory-member/casey-ernst,(top of page),Partner on Research,#,"href is ""#"""
directory-member/casey-ernst,Foundation,Governance and financials,#,"href is ""#"""
directory-member/casey-ernst,Get involved,Donate,/donate/,target returns 404
directory-member/casey-ernst,Get involved,Accessibility,https://new.soilfoodweb.com/accessibility/,target returns 404
directory-member/casey-ernst,Get involved,Close Menu,#,"href is ""#"""
directory-member/casey-ernst,Get involved,Partner on Research,#,"href is ""#"""
directory-member/caroline-bustillos,(top of page),Subscribe,#,"href is ""#"""
directory-member/caroline-bustillos,(top of page),Partner on Research,#,"href is ""#"""
directory-member/caroline-bustillos,Foundation,Governance and financials,#,"href is ""#"""
directory-member/caroline-bustillos,Get involved,Donate,/donate/,target returns 404
directory-member/caroline-bustillos,Get involved,Accessibility,https://new.soilfoodweb.com/accessibility/,target returns 404
directory-member/caroline-bustillos,Get involved,Close Menu,#,"href is ""#"""
directory-member/caroline-bustillos,Get involved,Partner on Research,#,"href is ""#"""
directory-member/brianna-dennison,(top of page),Subscribe,#,"href is ""#"""
directory-member/brianna-dennison,(top of page),Partner on Research,#,"href is ""#"""
directory-member/brianna-dennison,Foundation,Governance and financials,#,"href is ""#"""
directory-member/brianna-dennison,Get involved,Donate,/donate/,target returns 404
directory-member/brianna-dennison,Get involved,Accessibility,https://new.soilfoodweb.com/accessibility/,target returns 404
directory-member/brianna-dennison,Get involved,Close Menu,#,"href is ""#"""
directory-member/brianna-dennison,Get involved,Partner on Research,#,"href is ""#"""
directory-member/brian-vagg,(top of page),Subscribe,#,"href is ""#"""
directory-member/brian-vagg,(top of page),Partner on Research,#,"href is ""#"""
directory-member/brian-vagg,Foundation,Governance and financials,#,"href is ""#"""
directory-member/brian-vagg,Get involved,Donate,/donate/,target returns 404
directory-member/brian-vagg,Get involved,Accessibility,https://new.soilfoodweb.com/accessibility/,target returns 404
directory-member/brian-vagg,Get involved,Close Menu,#,"href is ""#"""
directory-member/brian-vagg,Get involved,Partner on Research,#,"href is ""#"""
directory-member/brian-daubenspeck,(top of page),Subscribe,#,"href is ""#"""
directory-member/brian-daubenspeck,(top of page),Partner on Research,#,"href is ""#"""
directory-member/brian-daubenspeck,Foundation,Governance and financials,#,"href is ""#"""
directory-member/brian-daubenspeck,Get involved,Donate,/donate/,target returns 404
directory-member/brian-daubenspeck,Get involved,Accessibility,https://new.soilfoodweb.com/accessibility/,target returns 404
directory-member/brian-daubenspeck,Get involved,Close Menu,#,"href is ""#"""
directory-member/brian-daubenspeck,Get involved,Partner on Research,#,"href is ""#"""
directory-member/brenda-grate,(top of page),Subscribe,#,"href is ""#"""
directory-member/brenda-grate,(top of page),Partner on Research,#,"href is ""#"""
directory-member/brenda-grate,Foundation,Governance and financials,#,"href is ""#"""
directory-member/brenda-grate,Get involved,Donate,/donate/,target returns 404
directory-member/brenda-grate,Get involved,Accessibility,https://new.soilfoodweb.com/accessibility/,target returns 404
directory-member/brenda-grate,Get involved,Close Menu,#,"href is ""#"""
directory-member/brenda-grate,Get involved,Partner on Research,#,"href is ""#"""
directory-member/brandi-mccoy,(top of page),Subscribe,#,"href is ""#"""
directory-member/brandi-mccoy,(top of page),Partner on Research,#,"href is ""#"""
directory-member/brandi-mccoy,Foundation,Governance and financials,#,"href is ""#"""
directory-member/brandi-mccoy,Get involved,Donate,/donate/,target returns 404
directory-member/brandi-mccoy,Get involved,Accessibility,https://new.soilfoodweb.com/accessibility/,target returns 404
directory-member/brandi-mccoy,Get involved,Close Menu,#,"href is ""#"""
directory-member/brandi-mccoy,Get involved,Partner on Research,#,"href is ""#"""
directory-member/bonnie,(top of page),Subscribe,#,"href is ""#"""
directory-member/bonnie,(top of page),Partner on Research,#,"href is ""#"""
directory-member/bonnie,Foundation,Governance and financials,#,"href is ""#"""
directory-member/bonnie,Get involved,Donate,/donate/,target returns 404
directory-member/bonnie,Get involved,Accessibility,https://new.soilfoodweb.com/accessibility/,target returns 404
directory-member/bonnie,Get involved,Close Menu,#,"href is ""#"""
directory-member/bonnie,Get involved,Partner on Research,#,"href is ""#"""
directory-member/birgit-albertsmeier,(top of page),Subscribe,#,"href is ""#"""
directory-member/birgit-albertsmeier,(top of page),Partner on Research,#,"href is ""#"""
directory-member/birgit-albertsmeier,Foundation,Governance and financials,#,"href is ""#"""
directory-member/birgit-albertsmeier,Get involved,Donate,/donate/,target returns 404
directory-member/birgit-albertsmeier,Get involved,Accessibility,https://new.soilfoodweb.com/accessibility/,target returns 404
directory-member/birgit-albertsmeier,Get involved,Close Menu,#,"href is ""#"""
directory-member/birgit-albertsmeier,Get involved,Partner on Research,#,"href is ""#"""
directory-member/ben-padwick,(top of page),Subscribe,#,"href is ""#"""
directory-member/ben-padwick,(top of page),Partner on Research,#,"href is ""#"""
directory-member/ben-padwick,Foundation,Governance and financials,#,"href is ""#"""
directory-member/ben-padwick,Get involved,Donate,/donate/,target returns 404
directory-member/ben-padwick,Get involved,Accessibility,https://new.soilfoodweb.com/accessibility/,target returns 404
directory-member/ben-padwick,Get involved,Close Menu,#,"href is ""#"""
directory-member/ben-padwick,Get involved,Partner on Research,#,"href is ""#"""
directory-member/bellbrae-garlic,(top of page),Subscribe,#,"href is ""#"""
directory-member/bellbrae-garlic,(top of page),Partner on Research,#,"href is ""#"""
directory-member/bellbrae-garlic,Foundation,Governance and financials,#,"href is ""#"""
directory-member/bellbrae-garlic,Get involved,Donate,/donate/,target returns 404
directory-member/bellbrae-garlic,Get involved,Accessibility,https://new.soilfoodweb.com/accessibility/,target returns 404
directory-member/bellbrae-garlic,Get involved,Close Menu,#,"href is ""#"""
directory-member/bellbrae-garlic,Get involved,Partner on Research,#,"href is ""#"""
directory-member/barry-mckenna,(top of page),Subscribe,#,"href is ""#"""
directory-member/barry-mckenna,(top of page),Partner on Research,#,"href is ""#"""
directory-member/barry-mckenna,Foundation,Governance and financials,#,"href is ""#"""
directory-member/barry-mckenna,Get involved,Donate,/donate/,target returns 404
directory-member/barry-mckenna,Get involved,Accessibility,https://new.soilfoodweb.com/accessibility/,target returns 404
directory-member/barry-mckenna,Get involved,Close Menu,#,"href is ""#"""
directory-member/barry-mckenna,Get involved,Partner on Research,#,"href is ""#"""
directory-member/aysen-ustunay,(top of page),Subscribe,#,"href is ""#"""
directory-member/aysen-ustunay,(top of page),Partner on Research,#,"href is ""#"""
directory-member/aysen-ustunay,Foundation,Governance and financials,#,"href is ""#"""
directory-member/aysen-ustunay,Get involved,Donate,/donate/,target returns 404
directory-member/aysen-ustunay,Get involved,Accessibility,https://new.soilfoodweb.com/accessibility/,target returns 404
directory-member/aysen-ustunay,Get involved,Close Menu,#,"href is ""#"""
directory-member/aysen-ustunay,Get involved,Partner on Research,#,"href is ""#"""
directory-member/astrid-harris,(top of page),Subscribe,#,"href is ""#"""
directory-member/astrid-harris,(top of page),Partner on Research,#,"href is ""#"""
directory-member/astrid-harris,Foundation,Governance and financials,#,"href is ""#"""
directory-member/astrid-harris,Get involved,Donate,/donate/,target returns 404
directory-member/astrid-harris,Get involved,Accessibility,https://new.soilfoodweb.com/accessibility/,target returns 404
directory-member/astrid-harris,Get involved,Close Menu,#,"href is ""#"""
directory-member/astrid-harris,Get involved,Partner on Research,#,"href is ""#"""
directory-member/asha-sundararajan,(top of page),Subscribe,#,"href is ""#"""
directory-member/asha-sundararajan,(top of page),Partner on Research,#,"href is ""#"""
directory-member/asha-sundararajan,Foundation,Governance and financials,#,"href is ""#"""
directory-member/asha-sundararajan,Get involved,Donate,/donate/,target returns 404
directory-member/asha-sundararajan,Get involved,Accessibility,https://new.soilfoodweb.com/accessibility/,target returns 404
directory-member/asha-sundararajan,Get involved,Close Menu,#,"href is ""#"""
directory-member/asha-sundararajan,Get involved,Partner on Research,#,"href is ""#"""
directory-member/arjuna-aucone-cordaro,(top of page),Subscribe,#,"href is ""#"""
directory-member/arjuna-aucone-cordaro,(top of page),Partner on Research,#,"href is ""#"""
directory-member/arjuna-aucone-cordaro,Foundation,Governance and financials,#,"href is ""#"""
directory-member/arjuna-aucone-cordaro,Get involved,Donate,/donate/,target returns 404
directory-member/arjuna-aucone-cordaro,Get involved,Accessibility,https://new.soilfoodweb.com/accessibility/,target returns 404
directory-member/arjuna-aucone-cordaro,Get involved,Close Menu,#,"href is ""#"""
directory-member/arjuna-aucone-cordaro,Get involved,Partner on Research,#,"href is ""#"""
directory-member/anton-de-jager,(top of page),Subscribe,#,"href is ""#"""
directory-member/anton-de-jager,(top of page),Partner on Research,#,"href is ""#"""
directory-member/anton-de-jager,Foundation,Governance and financials,#,"href is ""#"""
directory-member/anton-de-jager,Get involved,Donate,/donate/,target returns 404
directory-member/anton-de-jager,Get involved,Accessibility,https://new.soilfoodweb.com/accessibility/,target returns 404
directory-member/anton-de-jager,Get involved,Close Menu,#,"href is ""#"""
directory-member/anton-de-jager,Get involved,Partner on Research,#,"href is ""#"""
directory-member/anja-fonseka,(top of page),Subscribe,#,"href is ""#"""
directory-member/anja-fonseka,(top of page),Partner on Research,#,"href is ""#"""
directory-member/anja-fonseka,Foundation,Governance and financials,#,"href is ""#"""
directory-member/anja-fonseka,Get involved,Donate,/donate/,target returns 404
directory-member/anja-fonseka,Get involved,Accessibility,https://new.soilfoodweb.com/accessibility/,target returns 404
directory-member/anja-fonseka,Get involved,Close Menu,#,"href is ""#"""
directory-member/anja-fonseka,Get involved,Partner on Research,#,"href is ""#"""
directory-member/amy-luck-macgregor,(top of page),Subscribe,#,"href is ""#"""
directory-member/amy-luck-macgregor,(top of page),Partner on Research,#,"href is ""#"""
directory-member/amy-luck-macgregor,Foundation,Governance and financials,#,"href is ""#"""
directory-member/amy-luck-macgregor,Get involved,Donate,/donate/,target returns 404
directory-member/amy-luck-macgregor,Get involved,Accessibility,https://new.soilfoodweb.com/accessibility/,target returns 404
directory-member/amy-luck-macgregor,Get involved,Close Menu,#,"href is ""#"""
directory-member/amy-luck-macgregor,Get involved,Partner on Research,#,"href is ""#"""
directory-member/amanda-currie,(top of page),Subscribe,#,"href is ""#"""
directory-member/amanda-currie,(top of page),Partner on Research,#,"href is ""#"""
directory-member/amanda-currie,Foundation,Governance and financials,#,"href is ""#"""
directory-member/amanda-currie,Get involved,Donate,/donate/,target returns 404
directory-member/amanda-currie,Get involved,Accessibility,https://new.soilfoodweb.com/accessibility/,target returns 404
directory-member/amanda-currie,Get involved,Close Menu,#,"href is ""#"""
directory-member/amanda-currie,Get involved,Partner on Research,#,"href is ""#"""
directory-member/allen-skinner,(top of page),Subscribe,#,"href is ""#"""
directory-member/allen-skinner,(top of page),Partner on Research,#,"href is ""#"""
directory-member/allen-skinner,Foundation,Governance and financials,#,"href is ""#"""
directory-member/allen-skinner,Get involved,Donate,/donate/,target returns 404
directory-member/allen-skinner,Get involved,Accessibility,https://new.soilfoodweb.com/accessibility/,target returns 404
directory-member/allen-skinner,Get involved,Close Menu,#,"href is ""#"""
directory-member/allen-skinner,Get involved,Partner on Research,#,"href is ""#"""
directory-member/alinani,(top of page),Subscribe,#,"href is ""#"""
directory-member/alinani,(top of page),Partner on Research,#,"href is ""#"""
directory-member/alinani,Foundation,Governance and financials,#,"href is ""#"""
directory-member/alinani,Get involved,Donate,/donate/,target returns 404
directory-member/alinani,Get involved,Accessibility,https://new.soilfoodweb.com/accessibility/,target returns 404
directory-member/alinani,Get involved,Close Menu,#,"href is ""#"""
directory-member/alinani,Get involved,Partner on Research,#,"href is ""#"""
directory-member/alex-yakaumo,(top of page),Subscribe,#,"href is ""#"""
directory-member/alex-yakaumo,(top of page),Partner on Research,#,"href is ""#"""
directory-member/alex-yakaumo,Foundation,Governance and financials,#,"href is ""#"""
directory-member/alex-yakaumo,Get involved,Donate,/donate/,target returns 404
directory-member/alex-yakaumo,Get involved,Accessibility,https://new.soilfoodweb.com/accessibility/,target returns 404
directory-member/alex-yakaumo,Get involved,Close Menu,#,"href is ""#"""
directory-member/alex-yakaumo,Get involved,Partner on Research,#,"href is ""#"""
directory-member/alex-kellett,(top of page),Subscribe,#,"href is ""#"""
directory-member/alex-kellett,(top of page),Partner on Research,#,"href is ""#"""
directory-member/alex-kellett,Foundation,Governance and financials,#,"href is ""#"""
directory-member/alex-kellett,Get involved,Donate,/donate/,target returns 404
directory-member/alex-kellett,Get involved,Accessibility,https://new.soilfoodweb.com/accessibility/,target returns 404
directory-member/alex-kellett,Get involved,Close Menu,#,"href is ""#"""
directory-member/alex-kellett,Get involved,Partner on Research,#,"href is ""#"""
directory-member/alex-goemans,(top of page),Subscribe,#,"href is ""#"""
directory-member/alex-goemans,(top of page),Partner on Research,#,"href is ""#"""
directory-member/alex-goemans,Foundation,Governance and financials,#,"href is ""#"""
directory-member/alex-goemans,Get involved,Donate,/donate/,target returns 404
directory-member/alex-goemans,Get involved,Accessibility,https://new.soilfoodweb.com/accessibility/,target returns 404
directory-member/alex-goemans,Get involved,Close Menu,#,"href is ""#"""
directory-member/alex-goemans,Get involved,Partner on Research,#,"href is ""#"""
directory-member/adam-rasner,(top of page),Subscribe,#,"href is ""#"""
directory-member/adam-rasner,(top of page),Partner on Research,#,"href is ""#"""
directory-member/adam-rasner,Foundation,Governance and financials,#,"href is ""#"""
directory-member/adam-rasner,Get involved,Donate,/donate/,target returns 404
directory-member/adam-rasner,Get involved,Accessibility,https://new.soilfoodweb.com/accessibility/,target returns 404
directory-member/adam-rasner,Get involved,Close Menu,#,"href is ""#"""
directory-member/adam-rasner,Get involved,Partner on Research,#,"href is ""#"""
publication/predatory-earwigs-are-attracted-by-herbivore-induced-plant-volatiles-linked-with-plant-growth-promoting-rhizobacteria,(top of page),Subscribe,#,"href is ""#"""
publication/predatory-earwigs-are-attracted-by-herbivore-induced-plant-volatiles-linked-with-plant-growth-promoting-rhizobacteria,(top of page),Partner on Research,#,"href is ""#"""
publication/predatory-earwigs-are-attracted-by-herbivore-induced-plant-volatiles-linked-with-plant-growth-promoting-rhizobacteria,Foundation,Governance and financials,#,"href is ""#"""
publication/predatory-earwigs-are-attracted-by-herbivore-induced-plant-volatiles-linked-with-plant-growth-promoting-rhizobacteria,Get involved,Donate,/donate/,target returns 404
publication/predatory-earwigs-are-attracted-by-herbivore-induced-plant-volatiles-linked-with-plant-growth-promoting-rhizobacteria,Get involved,Accessibility,https://new.soilfoodweb.com/accessibility/,target returns 404
publication/predatory-earwigs-are-attracted-by-herbivore-induced-plant-volatiles-linked-with-plant-growth-promoting-rhizobacteria,Get involved,Close Menu,#,"href is ""#"""
publication/predatory-earwigs-are-attracted-by-herbivore-induced-plant-volatiles-linked-with-plant-growth-promoting-rhizobacteria,Get involved,Partner on Research,#,"href is ""#"""
publication/researchers-propose-ecological-route-to-plant-disease-control,(top of page),Subscribe,#,"href is ""#"""
publication/researchers-propose-ecological-route-to-plant-disease-control,(top of page),Partner on Research,#,"href is ""#"""
publication/researchers-propose-ecological-route-to-plant-disease-control,Foundation,Governance and financials,#,"href is ""#"""
publication/researchers-propose-ecological-route-to-plant-disease-control,Get involved,Donate,/donate/,target returns 404
publication/researchers-propose-ecological-route-to-plant-disease-control,Get involved,Accessibility,https://new.soilfoodweb.com/accessibility/,target returns 404
publication/researchers-propose-ecological-route-to-plant-disease-control,Get involved,Close Menu,#,"href is ""#"""
publication/researchers-propose-ecological-route-to-plant-disease-control,Get involved,Partner on Research,#,"href is ""#"""
publication/carbon-sequestration-the-climate-change-solution-that-virtually-all-climate-activists-ignore,(top of page),Subscribe,#,"href is ""#"""
publication/carbon-sequestration-the-climate-change-solution-that-virtually-all-climate-activists-ignore,(top of page),Partner on Research,#,"href is ""#"""
publication/carbon-sequestration-the-climate-change-solution-that-virtually-all-climate-activists-ignore,Foundation,Governance and financials,#,"href is ""#"""
publication/carbon-sequestration-the-climate-change-solution-that-virtually-all-climate-activists-ignore,Get involved,Donate,/donate/,target returns 404
publication/carbon-sequestration-the-climate-change-solution-that-virtually-all-climate-activists-ignore,Get involved,Accessibility,https://new.soilfoodweb.com/accessibility/,target returns 404
publication/carbon-sequestration-the-climate-change-solution-that-virtually-all-climate-activists-ignore,Get involved,Close Menu,#,"href is ""#"""
publication/carbon-sequestration-the-climate-change-solution-that-virtually-all-climate-activists-ignore,Get involved,Partner on Research,#,"href is ""#"""
publication/compost-could-be-worth-double-or-triple-of-current-price-only-if,(top of page),Subscribe,#,"href is ""#"""
publication/compost-could-be-worth-double-or-triple-of-current-price-only-if,(top of page),Partner on Research,#,"href is ""#"""
publication/compost-could-be-worth-double-or-triple-of-current-price-only-if,Foundation,Governance and financials,#,"href is ""#"""
publication/compost-could-be-worth-double-or-triple-of-current-price-only-if,Get involved,Donate,/donate/,target returns 404
publication/compost-could-be-worth-double-or-triple-of-current-price-only-if,Get involved,Accessibility,https://new.soilfoodweb.com/accessibility/,target returns 404
publication/compost-could-be-worth-double-or-triple-of-current-price-only-if,Get involved,Close Menu,#,"href is ""#"""
publication/compost-could-be-worth-double-or-triple-of-current-price-only-if,Get involved,Partner on Research,#,"href is ""#"""
publication/study-finds-fungi-not-plant-matter-responsible-for-most-carbon-sequestration-in-northern-forests,(top of page),Subscribe,#,"href is ""#"""
publication/study-finds-fungi-not-plant-matter-responsible-for-most-carbon-sequestration-in-northern-forests,(top of page),Partner on Research,#,"href is ""#"""
publication/study-finds-fungi-not-plant-matter-responsible-for-most-carbon-sequestration-in-northern-forests,Foundation,Governance and financials,#,"href is ""#"""
publication/study-finds-fungi-not-plant-matter-responsible-for-most-carbon-sequestration-in-northern-forests,Get involved,Donate,/donate/,target returns 404
publication/study-finds-fungi-not-plant-matter-responsible-for-most-carbon-sequestration-in-northern-forests,Get involved,Accessibility,https://new.soilfoodweb.com/accessibility/,target returns 404
publication/study-finds-fungi-not-plant-matter-responsible-for-most-carbon-sequestration-in-northern-forests,Get involved,Close Menu,#,"href is ""#"""
publication/study-finds-fungi-not-plant-matter-responsible-for-most-carbon-sequestration-in-northern-forests,Get involved,Partner on Research,#,"href is ""#"""
publication/overview-of-engineering-problems-of-soil-compaction-and-their-effects-on-growth-and-yields-of-crops,(top of page),Subscribe,#,"href is ""#"""
publication/overview-of-engineering-problems-of-soil-compaction-and-their-effects-on-growth-and-yields-of-crops,(top of page),Partner on Research,#,"href is ""#"""
publication/overview-of-engineering-problems-of-soil-compaction-and-their-effects-on-growth-and-yields-of-crops,Foundation,Governance and financials,#,"href is ""#"""
publication/overview-of-engineering-problems-of-soil-compaction-and-their-effects-on-growth-and-yields-of-crops,Get involved,Donate,/donate/,target returns 404
publication/overview-of-engineering-problems-of-soil-compaction-and-their-effects-on-growth-and-yields-of-crops,Get involved,Accessibility,https://new.soilfoodweb.com/accessibility/,target returns 404
publication/overview-of-engineering-problems-of-soil-compaction-and-their-effects-on-growth-and-yields-of-crops,Get involved,Close Menu,#,"href is ""#"""
publication/overview-of-engineering-problems-of-soil-compaction-and-their-effects-on-growth-and-yields-of-crops,Get involved,Partner on Research,#,"href is ""#"""
publication/influence-of-the-nitrogen-form-on-in-vitro-organogenesis-in-equisetum-arvense,(top of page),Subscribe,#,"href is ""#"""
publication/influence-of-the-nitrogen-form-on-in-vitro-organogenesis-in-equisetum-arvense,(top of page),Partner on Research,#,"href is ""#"""
publication/influence-of-the-nitrogen-form-on-in-vitro-organogenesis-in-equisetum-arvense,Foundation,Governance and financials,#,"href is ""#"""
publication/influence-of-the-nitrogen-form-on-in-vitro-organogenesis-in-equisetum-arvense,Get involved,Donate,/donate/,target returns 404
publication/influence-of-the-nitrogen-form-on-in-vitro-organogenesis-in-equisetum-arvense,Get involved,Accessibility,https://new.soilfoodweb.com/accessibility/,target returns 404
publication/influence-of-the-nitrogen-form-on-in-vitro-organogenesis-in-equisetum-arvense,Get involved,Close Menu,#,"href is ""#"""
publication/influence-of-the-nitrogen-form-on-in-vitro-organogenesis-in-equisetum-arvense,Get involved,Partner on Research,#,"href is ""#"""
publication/compost-and-compost-tea-principles-and-prospects-as-substrates-and-soil-borne-disease-management-strategies-in-soil-less-vegetable-production,(top of page),Subscribe,#,"href is ""#"""
publication/compost-and-compost-tea-principles-and-prospects-as-substrates-and-soil-borne-disease-management-strategies-in-soil-less-vegetable-production,(top of page),Partner on Research,#,"href is ""#"""
publication/compost-and-compost-tea-principles-and-prospects-as-substrates-and-soil-borne-disease-management-strategies-in-soil-less-vegetable-production,Foundation,Governance and financials,#,"href is ""#"""
publication/compost-and-compost-tea-principles-and-prospects-as-substrates-and-soil-borne-disease-management-strategies-in-soil-less-vegetable-production,Get involved,Donate,/donate/,target returns 404
publication/compost-and-compost-tea-principles-and-prospects-as-substrates-and-soil-borne-disease-management-strategies-in-soil-less-vegetable-production,Get involved,Accessibility,https://new.soilfoodweb.com/accessibility/,target returns 404
publication/compost-and-compost-tea-principles-and-prospects-as-substrates-and-soil-borne-disease-management-strategies-in-soil-less-vegetable-production,Get involved,Close Menu,#,"href is ""#"""
publication/compost-and-compost-tea-principles-and-prospects-as-substrates-and-soil-borne-disease-management-strategies-in-soil-less-vegetable-production,Get involved,Partner on Research,#,"href is ""#"""
publication/evidence-for-nitrogen-fixation-in-the-salicaceae-family,(top of page),Subscribe,#,"href is ""#"""
publication/evidence-for-nitrogen-fixation-in-the-salicaceae-family,(top of page),Partner on Research,#,"href is ""#"""
publication/evidence-for-nitrogen-fixation-in-the-salicaceae-family,Foundation,Governance and financials,#,"href is ""#"""
publication/evidence-for-nitrogen-fixation-in-the-salicaceae-family,Get involved,Donate,/donate/,target returns 404
publication/evidence-for-nitrogen-fixation-in-the-salicaceae-family,Get involved,Accessibility,https://new.soilfoodweb.com/accessibility/,target returns 404
publication/evidence-for-nitrogen-fixation-in-the-salicaceae-family,Get involved,Close Menu,#,"href is ""#"""
publication/evidence-for-nitrogen-fixation-in-the-salicaceae-family,Get involved,Partner on Research,#,"href is ""#"""
publication/control-of-powdery-mildew-erysiphe-polygoni-in-tomato-by-foliar-applications-of-compost-tea,(top of page),Subscribe,#,"href is ""#"""
publication/control-of-powdery-mildew-erysiphe-polygoni-in-tomato-by-foliar-applications-of-compost-tea,(top of page),Partner on Research,#,"href is ""#"""
publication/control-of-powdery-mildew-erysiphe-polygoni-in-tomato-by-foliar-applications-of-compost-tea,Foundation,Governance and financials,#,"href is ""#"""
publication/control-of-powdery-mildew-erysiphe-polygoni-in-tomato-by-foliar-applications-of-compost-tea,Get involved,Donate,/donate/,target returns 404
publication/control-of-powdery-mildew-erysiphe-polygoni-in-tomato-by-foliar-applications-of-compost-tea,Get involved,Accessibility,https://new.soilfoodweb.com/accessibility/,target returns 404
publication/control-of-powdery-mildew-erysiphe-polygoni-in-tomato-by-foliar-applications-of-compost-tea,Get involved,Close Menu,#,"href is ""#"""
publication/control-of-powdery-mildew-erysiphe-polygoni-in-tomato-by-foliar-applications-of-compost-tea,Get involved,Partner on Research,#,"href is ""#"""
publication/in-vitro-studies-on-control-of-soil-borne-plant-pathogens-by-earthworm-eudrilus-eugeniae-exudates,(top of page),Subscribe,#,"href is ""#"""
publication/in-vitro-studies-on-control-of-soil-borne-plant-pathogens-by-earthworm-eudrilus-eugeniae-exudates,(top of page),Partner on Research,#,"href is ""#"""
publication/in-vitro-studies-on-control-of-soil-borne-plant-pathogens-by-earthworm-eudrilus-eugeniae-exudates,Foundation,Governance and financials,#,"href is ""#"""
publication/in-vitro-studies-on-control-of-soil-borne-plant-pathogens-by-earthworm-eudrilus-eugeniae-exudates,Get involved,Donate,/donate/,target returns 404
publication/in-vitro-studies-on-control-of-soil-borne-plant-pathogens-by-earthworm-eudrilus-eugeniae-exudates,Get involved,Accessibility,https://new.soilfoodweb.com/accessibility/,target returns 404
publication/in-vitro-studies-on-control-of-soil-borne-plant-pathogens-by-earthworm-eudrilus-eugeniae-exudates,Get involved,Close Menu,#,"href is ""#"""
publication/in-vitro-studies-on-control-of-soil-borne-plant-pathogens-by-earthworm-eudrilus-eugeniae-exudates,Get involved,Partner on Research,#,"href is ""#"""
publication/suppression-of-phytophthora-infestans-in-potatoes-by-foliar-application-of-food-nutrients-and-compost-tea,(top of page),Subscribe,#,"href is ""#"""
publication/suppression-of-phytophthora-infestans-in-potatoes-by-foliar-application-of-food-nutrients-and-compost-tea,(top of page),Partner on Research,#,"href is ""#"""
publication/suppression-of-phytophthora-infestans-in-potatoes-by-foliar-application-of-food-nutrients-and-compost-tea,Foundation,Governance and financials,#,"href is ""#"""
publication/suppression-of-phytophthora-infestans-in-potatoes-by-foliar-application-of-food-nutrients-and-compost-tea,Get involved,Donate,/donate/,target returns 404
publication/suppression-of-phytophthora-infestans-in-potatoes-by-foliar-application-of-food-nutrients-and-compost-tea,Get involved,Accessibility,https://new.soilfoodweb.com/accessibility/,target returns 404
publication/suppression-of-phytophthora-infestans-in-potatoes-by-foliar-application-of-food-nutrients-and-compost-tea,Get involved,Close Menu,#,"href is ""#"""
publication/suppression-of-phytophthora-infestans-in-potatoes-by-foliar-application-of-food-nutrients-and-compost-tea,Get involved,Partner on Research,#,"href is ""#"""
publication/microbial-growth-under-the-snow-implications-for-nutrient-and-allelochemical-availability-in-temperate-soils,(top of page),Subscribe,#,"href is ""#"""
publication/microbial-growth-under-the-snow-implications-for-nutrient-and-allelochemical-availability-in-temperate-soils,(top of page),Partner on Research,#,"href is ""#"""
publication/microbial-growth-under-the-snow-implications-for-nutrient-and-allelochemical-availability-in-temperate-soils,Foundation,Governance and financials,#,"href is ""#"""
publication/microbial-growth-under-the-snow-implications-for-nutrient-and-allelochemical-availability-in-temperate-soils,Get involved,Donate,/donate/,target returns 404
publication/microbial-growth-under-the-snow-implications-for-nutrient-and-allelochemical-availability-in-temperate-soils,Get involved,Accessibility,https://new.soilfoodweb.com/accessibility/,target returns 404
publication/microbial-growth-under-the-snow-implications-for-nutrient-and-allelochemical-availability-in-temperate-soils,Get involved,Close Menu,#,"href is ""#"""
publication/microbial-growth-under-the-snow-implications-for-nutrient-and-allelochemical-availability-in-temperate-soils,Get involved,Partner on Research,#,"href is ""#"""
publication/biosafety-regulation,(top of page),Subscribe,#,"href is ""#"""
publication/biosafety-regulation,(top of page),Partner on Research,#,"href is ""#"""
publication/biosafety-regulation,Foundation,Governance and financials,#,"href is ""#"""
publication/biosafety-regulation,Get involved,Donate,/donate/,target returns 404
publication/biosafety-regulation,Get involved,Accessibility,https://new.soilfoodweb.com/accessibility/,target returns 404
publication/biosafety-regulation,Get involved,Close Menu,#,"href is ""#"""
publication/biosafety-regulation,Get involved,Partner on Research,#,"href is ""#"""
publication/biosafety-regulations-a-critique-of-existing-documents,(top of page),Subscribe,#,"href is ""#"""
publication/biosafety-regulations-a-critique-of-existing-documents,(top of page),Partner on Research,#,"href is ""#"""
publication/biosafety-regulations-a-critique-of-existing-documents,Foundation,Governance and financials,#,"href is ""#"""
publication/biosafety-regulations-a-critique-of-existing-documents,Get involved,Donate,/donate/,target returns 404
publication/biosafety-regulations-a-critique-of-existing-documents,Get involved,Accessibility,https://new.soilfoodweb.com/accessibility/,target returns 404
publication/biosafety-regulations-a-critique-of-existing-documents,Get involved,Close Menu,#,"href is ""#"""
publication/biosafety-regulations-a-critique-of-existing-documents,Get involved,Partner on Research,#,"href is ""#"""
publication/standard-operating-procedure-for-protozoan-populations-and-community-structure,(top of page),Subscribe,#,"href is ""#"""
publication/standard-operating-procedure-for-protozoan-populations-and-community-structure,(top of page),Partner on Research,#,"href is ""#"""
publication/standard-operating-procedure-for-protozoan-populations-and-community-structure,Foundation,Governance and financials,#,"href is ""#"""
publication/standard-operating-procedure-for-protozoan-populations-and-community-structure,Get involved,Donate,/donate/,target returns 404
publication/standard-operating-procedure-for-protozoan-populations-and-community-structure,Get involved,Accessibility,https://new.soilfoodweb.com/accessibility/,target returns 404
publication/standard-operating-procedure-for-protozoan-populations-and-community-structure,Get involved,Close Menu,#,"href is ""#"""
publication/standard-operating-procedure-for-protozoan-populations-and-community-structure,Get involved,Partner on Research,#,"href is ""#"""
publication/standard-operating-procedure-for-nematode-population-and-community-structure,(top of page),Subscribe,#,"href is ""#"""
publication/standard-operating-procedure-for-nematode-population-and-community-structure,(top of page),Partner on Research,#,"href is ""#"""
publication/standard-operating-procedure-for-nematode-population-and-community-structure,Foundation,Governance and financials,#,"href is ""#"""
publication/standard-operating-procedure-for-nematode-population-and-community-structure,Get involved,Donate,/donate/,target returns 404
publication/standard-operating-procedure-for-nematode-population-and-community-structure,Get involved,Accessibility,https://new.soilfoodweb.com/accessibility/,target returns 404
publication/standard-operating-procedure-for-nematode-population-and-community-structure,Get involved,Close Menu,#,"href is ""#"""
publication/standard-operating-procedure-for-nematode-population-and-community-structure,Get involved,Partner on Research,#,"href is ""#"""
publication/standard-operating-procedure-for-total-bacteria,(top of page),Subscribe,#,"href is ""#"""
publication/standard-operating-procedure-for-total-bacteria,(top of page),Partner on Research,#,"href is ""#"""
publication/standard-operating-procedure-for-total-bacteria,Foundation,Governance and financials,#,"href is ""#"""
publication/standard-operating-procedure-for-total-bacteria,Get involved,Donate,/donate/,target returns 404
publication/standard-operating-procedure-for-total-bacteria,Get involved,Accessibility,https://new.soilfoodweb.com/accessibility/,target returns 404
publication/standard-operating-procedure-for-total-bacteria,Get involved,Close Menu,#,"href is ""#"""
publication/standard-operating-procedure-for-total-bacteria,Get involved,Partner on Research,#,"href is ""#"""
publication/standard-operating-procedure-for-microbial-population-dynamics,(top of page),Subscribe,#,"href is ""#"""
publication/standard-operating-procedure-for-microbial-population-dynamics,(top of page),Partner on Research,#,"href is ""#"""
publication/standard-operating-procedure-for-microbial-population-dynamics,Foundation,Governance and financials,#,"href is ""#"""
publication/standard-operating-procedure-for-microbial-population-dynamics,Get involved,Donate,/donate/,target returns 404
publication/standard-operating-procedure-for-microbial-population-dynamics,Get involved,Accessibility,https://new.soilfoodweb.com/accessibility/,target returns 404
publication/standard-operating-procedure-for-microbial-population-dynamics,Get involved,Close Menu,#,"href is ""#"""
publication/standard-operating-procedure-for-microbial-population-dynamics,Get involved,Partner on Research,#,"href is ""#"""
publication/use-of-soil-foodweb-structure-and-function-to-assess-superfund-sites,(top of page),Subscribe,#,"href is ""#"""
publication/use-of-soil-foodweb-structure-and-function-to-assess-superfund-sites,(top of page),Partner on Research,#,"href is ""#"""
publication/use-of-soil-foodweb-structure-and-function-to-assess-superfund-sites,Foundation,Governance and financials,#,"href is ""#"""
publication/use-of-soil-foodweb-structure-and-function-to-assess-superfund-sites,Get involved,Donate,/donate/,target returns 404
publication/use-of-soil-foodweb-structure-and-function-to-assess-superfund-sites,Get involved,Accessibility,https://new.soilfoodweb.com/accessibility/,target returns 404
publication/use-of-soil-foodweb-structure-and-function-to-assess-superfund-sites,Get involved,Close Menu,#,"href is ""#"""
publication/use-of-soil-foodweb-structure-and-function-to-assess-superfund-sites,Get involved,Partner on Research,#,"href is ""#"""
publication/evaluation-of-terrestrial-indicators-for-use-in-ecological-assessments-at-hazardous-waste-sites,(top of page),Subscribe,#,"href is ""#"""
publication/evaluation-of-terrestrial-indicators-for-use-in-ecological-assessments-at-hazardous-waste-sites,(top of page),Partner on Research,#,"href is ""#"""
publication/evaluation-of-terrestrial-indicators-for-use-in-ecological-assessments-at-hazardous-waste-sites,Foundation,Governance and financials,#,"href is ""#"""
publication/evaluation-of-terrestrial-indicators-for-use-in-ecological-assessments-at-hazardous-waste-sites,Get involved,Donate,/donate/,target returns 404
publication/evaluation-of-terrestrial-indicators-for-use-in-ecological-assessments-at-hazardous-waste-sites,Get involved,Accessibility,https://new.soilfoodweb.com/accessibility/,target returns 404
publication/evaluation-of-terrestrial-indicators-for-use-in-ecological-assessments-at-hazardous-waste-sites,Get involved,Close Menu,#,"href is ""#"""
publication/evaluation-of-terrestrial-indicators-for-use-in-ecological-assessments-at-hazardous-waste-sites,Get involved,Partner on Research,#,"href is ""#"""
publication/bioresponse-of-nontarget-organisms-resulting-from-the-use-of-chloropicrin-to-control-laminated-root-rot-in-a-northwest-conifer-forest,(top of page),Subscribe,#,"href is ""#"""
publication/bioresponse-of-nontarget-organisms-resulting-from-the-use-of-chloropicrin-to-control-laminated-root-rot-in-a-northwest-conifer-forest,(top of page),Partner on Research,#,"href is ""#"""
publication/bioresponse-of-nontarget-organisms-resulting-from-the-use-of-chloropicrin-to-control-laminated-root-rot-in-a-northwest-conifer-forest,Foundation,Governance and financials,#,"href is ""#"""
publication/bioresponse-of-nontarget-organisms-resulting-from-the-use-of-chloropicrin-to-control-laminated-root-rot-in-a-northwest-conifer-forest,Get involved,Donate,/donate/,target returns 404
publication/bioresponse-of-nontarget-organisms-resulting-from-the-use-of-chloropicrin-to-control-laminated-root-rot-in-a-northwest-conifer-forest,Get involved,Accessibility,https://new.soilfoodweb.com/accessibility/,target returns 404
publication/bioresponse-of-nontarget-organisms-resulting-from-the-use-of-chloropicrin-to-control-laminated-root-rot-in-a-northwest-conifer-forest,Get involved,Close Menu,#,"href is ""#"""
publication/bioresponse-of-nontarget-organisms-resulting-from-the-use-of-chloropicrin-to-control-laminated-root-rot-in-a-northwest-conifer-forest,Get involved,Partner on Research,#,"href is ""#"""
publication/a-general-model-of-biotic-interactions,(top of page),Subscribe,#,"href is ""#"""
publication/a-general-model-of-biotic-interactions,(top of page),Partner on Research,#,"href is ""#"""
publication/a-general-model-of-biotic-interactions,Foundation,Governance and financials,#,"href is ""#"""
publication/a-general-model-of-biotic-interactions,Get involved,Donate,/donate/,target returns 404
publication/a-general-model-of-biotic-interactions,Get involved,Accessibility,https://new.soilfoodweb.com/accessibility/,target returns 404
publication/a-general-model-of-biotic-interactions,Get involved,Close Menu,#,"href is ""#"""
publication/a-general-model-of-biotic-interactions,Get involved,Partner on Research,#,"href is ""#"""
publication/report-on-the-selection-of-several-potentially-critical-terrestrial-systems,(top of page),Subscribe,#,"href is ""#"""
publication/report-on-the-selection-of-several-potentially-critical-terrestrial-systems,(top of page),Partner on Research,#,"href is ""#"""
publication/report-on-the-selection-of-several-potentially-critical-terrestrial-systems,Foundation,Governance and financials,#,"href is ""#"""
publication/report-on-the-selection-of-several-potentially-critical-terrestrial-systems,Get involved,Donate,/donate/,target returns 404
publication/report-on-the-selection-of-several-potentially-critical-terrestrial-systems,Get involved,Accessibility,https://new.soilfoodweb.com/accessibility/,target returns 404
publication/report-on-the-selection-of-several-potentially-critical-terrestrial-systems,Get involved,Close Menu,#,"href is ""#"""
publication/report-on-the-selection-of-several-potentially-critical-terrestrial-systems,Get involved,Partner on Research,#,"href is ""#"""
publication/the-soil-foodweb-its-role-in-ecosystem-health,(top of page),Subscribe,#,"href is ""#"""
publication/the-soil-foodweb-its-role-in-ecosystem-health,(top of page),Partner on Research,#,"href is ""#"""
publication/the-soil-foodweb-its-role-in-ecosystem-health,Foundation,Governance and financials,#,"href is ""#"""
publication/the-soil-foodweb-its-role-in-ecosystem-health,Get involved,Donate,/donate/,target returns 404
publication/the-soil-foodweb-its-role-in-ecosystem-health,Get involved,Accessibility,https://new.soilfoodweb.com/accessibility/,target returns 404
publication/the-soil-foodweb-its-role-in-ecosystem-health,Get involved,Close Menu,#,"href is ""#"""
publication/the-soil-foodweb-its-role-in-ecosystem-health,Get involved,Partner on Research,#,"href is ""#"""
publication/the-compost-tea-handbook-1-1,(top of page),Subscribe,#,"href is ""#"""
publication/the-compost-tea-handbook-1-1,(top of page),Partner on Research,#,"href is ""#"""
publication/the-compost-tea-handbook-1-1,Foundation,Governance and financials,#,"href is ""#"""
publication/the-compost-tea-handbook-1-1,Get involved,Donate,/donate/,target returns 404
publication/the-compost-tea-handbook-1-1,Get involved,Accessibility,https://new.soilfoodweb.com/accessibility/,target returns 404
publication/the-compost-tea-handbook-1-1,Get involved,Close Menu,#,"href is ""#"""
publication/the-compost-tea-handbook-1-1,Get involved,Partner on Research,#,"href is ""#"""
publication/soil-microbiology,(top of page),Subscribe,#,"href is ""#"""
publication/soil-microbiology,(top of page),Partner on Research,#,"href is ""#"""
publication/soil-microbiology,Foundation,Governance and financials,#,"href is ""#"""
publication/soil-microbiology,Get involved,Donate,/donate/,target returns 404
publication/soil-microbiology,Get involved,Accessibility,https://new.soilfoodweb.com/accessibility/,target returns 404
publication/soil-microbiology,Get involved,Close Menu,#,"href is ""#"""
publication/soil-microbiology,Get involved,Partner on Research,#,"href is ""#"""
publication/comparison-of-soil-biota-between-organic-and-conventional-agroecosystems-in-oregon-usa,(top of page),Subscribe,#,"href is ""#"""
publication/comparison-of-soil-biota-between-organic-and-conventional-agroecosystems-in-oregon-usa,(top of page),Partner on Research,#,"href is ""#"""
publication/comparison-of-soil-biota-between-organic-and-conventional-agroecosystems-in-oregon-usa,Foundation,Governance and financials,#,"href is ""#"""
publication/comparison-of-soil-biota-between-organic-and-conventional-agroecosystems-in-oregon-usa,Get involved,Donate,/donate/,target returns 404
publication/comparison-of-soil-biota-between-organic-and-conventional-agroecosystems-in-oregon-usa,Get involved,Accessibility,https://new.soilfoodweb.com/accessibility/,target returns 404
publication/comparison-of-soil-biota-between-organic-and-conventional-agroecosystems-in-oregon-usa,Get involved,Close Menu,#,"href is ""#"""
publication/comparison-of-soil-biota-between-organic-and-conventional-agroecosystems-in-oregon-usa,Get involved,Partner on Research,#,"href is ""#"""
publication/the-soil-foodweb-soil-and-composts-as-living-ecosystems,(top of page),Subscribe,#,"href is ""#"""
publication/the-soil-foodweb-soil-and-composts-as-living-ecosystems,(top of page),Partner on Research,#,"href is ""#"""
publication/the-soil-foodweb-soil-and-composts-as-living-ecosystems,Foundation,Governance and financials,#,"href is ""#"""
publication/the-soil-foodweb-soil-and-composts-as-living-ecosystems,Get involved,Donate,/donate/,target returns 404
publication/the-soil-foodweb-soil-and-composts-as-living-ecosystems,Get involved,Accessibility,https://new.soilfoodweb.com/accessibility/,target returns 404
publication/the-soil-foodweb-soil-and-composts-as-living-ecosystems,Get involved,Close Menu,#,"href is ""#"""
publication/the-soil-foodweb-soil-and-composts-as-living-ecosystems,Get involved,Partner on Research,#,"href is ""#"""
publication/effects-of-compost-amended-container-media-on-ornamental-plant-growth,(top of page),Subscribe,#,"href is ""#"""
publication/effects-of-compost-amended-container-media-on-ornamental-plant-growth,(top of page),Partner on Research,#,"href is ""#"""
publication/effects-of-compost-amended-container-media-on-ornamental-plant-growth,Foundation,Governance and financials,#,"href is ""#"""
publication/effects-of-compost-amended-container-media-on-ornamental-plant-growth,Get involved,Donate,/donate/,target returns 404
publication/effects-of-compost-amended-container-media-on-ornamental-plant-growth,Get involved,Accessibility,https://new.soilfoodweb.com/accessibility/,target returns 404
publication/effects-of-compost-amended-container-media-on-ornamental-plant-growth,Get involved,Close Menu,#,"href is ""#"""
publication/effects-of-compost-amended-container-media-on-ornamental-plant-growth,Get involved,Partner on Research,#,"href is ""#"""
publication/wildlife-and-the-remediation-of-contaminated-soils-extending-the-analysis-of-ecological-risks-to-habitat-restoration,(top of page),Subscribe,#,"href is ""#"""
publication/wildlife-and-the-remediation-of-contaminated-soils-extending-the-analysis-of-ecological-risks-to-habitat-restoration,(top of page),Partner on Research,#,"href is ""#"""
publication/wildlife-and-the-remediation-of-contaminated-soils-extending-the-analysis-of-ecological-risks-to-habitat-restoration,Foundation,Governance and financials,#,"href is ""#"""
publication/wildlife-and-the-remediation-of-contaminated-soils-extending-the-analysis-of-ecological-risks-to-habitat-restoration,Get involved,Donate,/donate/,target returns 404
publication/wildlife-and-the-remediation-of-contaminated-soils-extending-the-analysis-of-ecological-risks-to-habitat-restoration,Get involved,Accessibility,https://new.soilfoodweb.com/accessibility/,target returns 404
publication/wildlife-and-the-remediation-of-contaminated-soils-extending-the-analysis-of-ecological-risks-to-habitat-restoration,Get involved,Close Menu,#,"href is ""#"""
publication/wildlife-and-the-remediation-of-contaminated-soils-extending-the-analysis-of-ecological-risks-to-habitat-restoration,Get involved,Partner on Research,#,"href is ""#"""
publication/micronized-compost-and-microbial-life-in-compost,(top of page),Subscribe,#,"href is ""#"""
publication/micronized-compost-and-microbial-life-in-compost,(top of page),Partner on Research,#,"href is ""#"""
publication/micronized-compost-and-microbial-life-in-compost,Foundation,Governance and financials,#,"href is ""#"""
publication/micronized-compost-and-microbial-life-in-compost,Get involved,Donate,/donate/,target returns 404
publication/micronized-compost-and-microbial-life-in-compost,Get involved,Accessibility,https://new.soilfoodweb.com/accessibility/,target returns 404
publication/micronized-compost-and-microbial-life-in-compost,Get involved,Close Menu,#,"href is ""#"""
publication/micronized-compost-and-microbial-life-in-compost,Get involved,Partner on Research,#,"href is ""#"""
publication/the-functional-roles-of-forest-soil-arthropods-the-soil-is-a-lively-place,(top of page),Subscribe,#,"href is ""#"""
publication/the-functional-roles-of-forest-soil-arthropods-the-soil-is-a-lively-place,(top of page),Partner on Research,#,"href is ""#"""
publication/the-functional-roles-of-forest-soil-arthropods-the-soil-is-a-lively-place,Foundation,Governance and financials,#,"href is ""#"""
publication/the-functional-roles-of-forest-soil-arthropods-the-soil-is-a-lively-place,Get involved,Donate,/donate/,target returns 404
publication/the-functional-roles-of-forest-soil-arthropods-the-soil-is-a-lively-place,Get involved,Accessibility,https://new.soilfoodweb.com/accessibility/,target returns 404
publication/the-functional-roles-of-forest-soil-arthropods-the-soil-is-a-lively-place,Get involved,Close Menu,#,"href is ""#"""
publication/the-functional-roles-of-forest-soil-arthropods-the-soil-is-a-lively-place,Get involved,Partner on Research,#,"href is ""#"""
publication/brewing-compost-tea,(top of page),Subscribe,#,"href is ""#"""
publication/brewing-compost-tea,(top of page),Partner on Research,#,"href is ""#"""
publication/brewing-compost-tea,Foundation,Governance and financials,#,"href is ""#"""
publication/brewing-compost-tea,Get involved,Donate,/donate/,target returns 404
publication/brewing-compost-tea,Get involved,Accessibility,https://new.soilfoodweb.com/accessibility/,target returns 404
publication/brewing-compost-tea,Get involved,Close Menu,#,"href is ""#"""
publication/brewing-compost-tea,Get involved,Partner on Research,#,"href is ""#"""
publication/compost-tea-part-i-ii,(top of page),Subscribe,#,"href is ""#"""
publication/compost-tea-part-i-ii,(top of page),Partner on Research,#,"href is ""#"""
publication/compost-tea-part-i-ii,Foundation,Governance and financials,#,"href is ""#"""
publication/compost-tea-part-i-ii,Get involved,Donate,/donate/,target returns 404
publication/compost-tea-part-i-ii,Get involved,Accessibility,https://new.soilfoodweb.com/accessibility/,target returns 404
publication/compost-tea-part-i-ii,Get involved,Close Menu,#,"href is ""#"""
publication/compost-tea-part-i-ii,Get involved,Partner on Research,#,"href is ""#"""
publication/soil-view-anaerobic-bacteria-and-compost-tea,(top of page),Subscribe,#,"href is ""#"""
publication/soil-view-anaerobic-bacteria-and-compost-tea,(top of page),Partner on Research,#,"href is ""#"""
publication/soil-view-anaerobic-bacteria-and-compost-tea,Foundation,Governance and financials,#,"href is ""#"""
publication/soil-view-anaerobic-bacteria-and-compost-tea,Get involved,Donate,/donate/,target returns 404
publication/soil-view-anaerobic-bacteria-and-compost-tea,Get involved,Accessibility,https://new.soilfoodweb.com/accessibility/,target returns 404
publication/soil-view-anaerobic-bacteria-and-compost-tea,Get involved,Close Menu,#,"href is ""#"""
publication/soil-view-anaerobic-bacteria-and-compost-tea,Get involved,Partner on Research,#,"href is ""#"""
publication/soil-organisms-and-their-role-in-healthy-turf,(top of page),Subscribe,#,"href is ""#"""
publication/soil-organisms-and-their-role-in-healthy-turf,(top of page),Partner on Research,#,"href is ""#"""
publication/soil-organisms-and-their-role-in-healthy-turf,Foundation,Governance and financials,#,"href is ""#"""
publication/soil-organisms-and-their-role-in-healthy-turf,Get involved,Donate,/donate/,target returns 404
publication/soil-organisms-and-their-role-in-healthy-turf,Get involved,Accessibility,https://new.soilfoodweb.com/accessibility/,target returns 404
publication/soil-organisms-and-their-role-in-healthy-turf,Get involved,Close Menu,#,"href is ""#"""
publication/soil-organisms-and-their-role-in-healthy-turf,Get involved,Partner on Research,#,"href is ""#"""
publication/sustainable-agriculture-and-the-ecology-of-soil,(top of page),Subscribe,#,"href is ""#"""
publication/sustainable-agriculture-and-the-ecology-of-soil,(top of page),Partner on Research,#,"href is ""#"""
publication/sustainable-agriculture-and-the-ecology-of-soil,Foundation,Governance and financials,#,"href is ""#"""
publication/sustainable-agriculture-and-the-ecology-of-soil,Get involved,Donate,/donate/,target returns 404
publication/sustainable-agriculture-and-the-ecology-of-soil,Get involved,Accessibility,https://new.soilfoodweb.com/accessibility/,target returns 404
publication/sustainable-agriculture-and-the-ecology-of-soil,Get involved,Close Menu,#,"href is ""#"""
publication/sustainable-agriculture-and-the-ecology-of-soil,Get involved,Partner on Research,#,"href is ""#"""
publication/foodweb-methodology-to-assess-ecological-effects-of-anthropogenic-stressors-in-soil,(top of page),Subscribe,#,"href is ""#"""
publication/foodweb-methodology-to-assess-ecological-effects-of-anthropogenic-stressors-in-soil,(top of page),Partner on Research,#,"href is ""#"""
publication/foodweb-methodology-to-assess-ecological-effects-of-anthropogenic-stressors-in-soil,Foundation,Governance and financials,#,"href is ""#"""
publication/foodweb-methodology-to-assess-ecological-effects-of-anthropogenic-stressors-in-soil,Get involved,Donate,/donate/,target returns 404
publication/foodweb-methodology-to-assess-ecological-effects-of-anthropogenic-stressors-in-soil,Get involved,Accessibility,https://new.soilfoodweb.com/accessibility/,target returns 404
publication/foodweb-methodology-to-assess-ecological-effects-of-anthropogenic-stressors-in-soil,Get involved,Close Menu,#,"href is ""#"""
publication/foodweb-methodology-to-assess-ecological-effects-of-anthropogenic-stressors-in-soil,Get involved,Partner on Research,#,"href is ""#"""
publication/soil-foodweb-structure-and-function-in-forests-a-comparison-of-conifer-deciduous-riparian-and-managed-forests,(top of page),Subscribe,#,"href is ""#"""
publication/soil-foodweb-structure-and-function-in-forests-a-comparison-of-conifer-deciduous-riparian-and-managed-forests,(top of page),Partner on Research,#,"href is ""#"""
publication/soil-foodweb-structure-and-function-in-forests-a-comparison-of-conifer-deciduous-riparian-and-managed-forests,Foundation,Governance and financials,#,"href is ""#"""
publication/soil-foodweb-structure-and-function-in-forests-a-comparison-of-conifer-deciduous-riparian-and-managed-forests,Get involved,Donate,/donate/,target returns 404
publication/soil-foodweb-structure-and-function-in-forests-a-comparison-of-conifer-deciduous-riparian-and-managed-forests,Get involved,Accessibility,https://new.soilfoodweb.com/accessibility/,target returns 404
publication/soil-foodweb-structure-and-function-in-forests-a-comparison-of-conifer-deciduous-riparian-and-managed-forests,Get involved,Close Menu,#,"href is ""#"""
publication/soil-foodweb-structure-and-function-in-forests-a-comparison-of-conifer-deciduous-riparian-and-managed-forests,Get involved,Partner on Research,#,"href is ""#"""
publication/soil-biology-and-ecology,(top of page),Subscribe,#,"href is ""#"""
publication/soil-biology-and-ecology,(top of page),Partner on Research,#,"href is ""#"""
publication/soil-biology-and-ecology,Foundation,Governance and financials,#,"href is ""#"""
publication/soil-biology-and-ecology,Get involved,Donate,/donate/,target returns 404
publication/soil-biology-and-ecology,Get involved,Accessibility,https://new.soilfoodweb.com/accessibility/,target returns 404
publication/soil-biology-and-ecology,Get involved,Close Menu,#,"href is ""#"""
publication/soil-biology-and-ecology,Get involved,Partner on Research,#,"href is ""#"""
publication/foundations-of-bio-diversity-in-managed-douglas-fir-forests,(top of page),Subscribe,#,"href is ""#"""
publication/foundations-of-bio-diversity-in-managed-douglas-fir-forests,(top of page),Partner on Research,#,"href is ""#"""
publication/foundations-of-bio-diversity-in-managed-douglas-fir-forests,Foundation,Governance and financials,#,"href is ""#"""
publication/foundations-of-bio-diversity-in-managed-douglas-fir-forests,Get involved,Donate,/donate/,target returns 404
publication/foundations-of-bio-diversity-in-managed-douglas-fir-forests,Get involved,Accessibility,https://new.soilfoodweb.com/accessibility/,target returns 404
publication/foundations-of-bio-diversity-in-managed-douglas-fir-forests,Get involved,Close Menu,#,"href is ""#"""
publication/foundations-of-bio-diversity-in-managed-douglas-fir-forests,Get involved,Partner on Research,#,"href is ""#"""
publication/soil-protozoa,(top of page),Subscribe,#,"href is ""#"""
publication/soil-protozoa,(top of page),Partner on Research,#,"href is ""#"""
publication/soil-protozoa,Foundation,Governance and financials,#,"href is ""#"""
publication/soil-protozoa,Get involved,Donate,/donate/,target returns 404
publication/soil-protozoa,Get involved,Accessibility,https://new.soilfoodweb.com/accessibility/,target returns 404
publication/soil-protozoa,Get involved,Close Menu,#,"href is ""#"""
publication/soil-protozoa,Get involved,Partner on Research,#,"href is ""#"""
publication/assessing-interactions-between-the-soil-foodweb-and-a-strain-of-pseudomonas-putida-genetically-engineered-to-degrade-24-d,(top of page),Subscribe,#,"href is ""#"""
publication/assessing-interactions-between-the-soil-foodweb-and-a-strain-of-pseudomonas-putida-genetically-engineered-to-degrade-24-d,(top of page),Partner on Research,#,"href is ""#"""
publication/assessing-interactions-between-the-soil-foodweb-and-a-strain-of-pseudomonas-putida-genetically-engineered-to-degrade-24-d,Foundation,Governance and financials,#,"href is ""#"""
publication/assessing-interactions-between-the-soil-foodweb-and-a-strain-of-pseudomonas-putida-genetically-engineered-to-degrade-24-d,Get involved,Donate,/donate/,target returns 404
publication/assessing-interactions-between-the-soil-foodweb-and-a-strain-of-pseudomonas-putida-genetically-engineered-to-degrade-24-d,Get involved,Accessibility,https://new.soilfoodweb.com/accessibility/,target returns 404
publication/assessing-interactions-between-the-soil-foodweb-and-a-strain-of-pseudomonas-putida-genetically-engineered-to-degrade-24-d,Get involved,Close Menu,#,"href is ""#"""
publication/assessing-interactions-between-the-soil-foodweb-and-a-strain-of-pseudomonas-putida-genetically-engineered-to-degrade-24-d,Get involved,Partner on Research,#,"href is ""#"""
publication/soil-organisms-and-forest-health,(top of page),Subscribe,#,"href is ""#"""
publication/soil-organisms-and-forest-health,(top of page),Partner on Research,#,"href is ""#"""
publication/soil-organisms-and-forest-health,Foundation,Governance and financials,#,"href is ""#"""
publication/soil-organisms-and-forest-health,Get involved,Donate,/donate/,target returns 404
publication/soil-organisms-and-forest-health,Get involved,Accessibility,https://new.soilfoodweb.com/accessibility/,target returns 404
publication/soil-organisms-and-forest-health,Get involved,Close Menu,#,"href is ""#"""
publication/soil-organisms-and-forest-health,Get involved,Partner on Research,#,"href is ""#"""
publication/the-sustainable-biosphere-initiative-a-commentary-from-the-u-s-soil-ecology-society,(top of page),Subscribe,#,"href is ""#"""
publication/the-sustainable-biosphere-initiative-a-commentary-from-the-u-s-soil-ecology-society,(top of page),Partner on Research,#,"href is ""#"""
publication/the-sustainable-biosphere-initiative-a-commentary-from-the-u-s-soil-ecology-society,Foundation,Governance and financials,#,"href is ""#"""
publication/the-sustainable-biosphere-initiative-a-commentary-from-the-u-s-soil-ecology-society,Get involved,Donate,/donate/,target returns 404
publication/the-sustainable-biosphere-initiative-a-commentary-from-the-u-s-soil-ecology-society,Get involved,Accessibility,https://new.soilfoodweb.com/accessibility/,target returns 404
publication/the-sustainable-biosphere-initiative-a-commentary-from-the-u-s-soil-ecology-society,Get involved,Close Menu,#,"href is ""#"""
publication/the-sustainable-biosphere-initiative-a-commentary-from-the-u-s-soil-ecology-society,Get involved,Partner on Research,#,"href is ""#"""
publication/the-functional-significance-and-regulation-of-soil-biodiversity-an-executive-summary-of-the-soil-ecology-society-meeting,(top of page),Subscribe,#,"href is ""#"""
publication/the-functional-significance-and-regulation-of-soil-biodiversity-an-executive-summary-of-the-soil-ecology-society-meeting,(top of page),Partner on Research,#,"href is ""#"""
publication/the-functional-significance-and-regulation-of-soil-biodiversity-an-executive-summary-of-the-soil-ecology-society-meeting,Foundation,Governance and financials,#,"href is ""#"""
publication/the-functional-significance-and-regulation-of-soil-biodiversity-an-executive-summary-of-the-soil-ecology-society-meeting,Get involved,Donate,/donate/,target returns 404
publication/the-functional-significance-and-regulation-of-soil-biodiversity-an-executive-summary-of-the-soil-ecology-society-meeting,Get involved,Accessibility,https://new.soilfoodweb.com/accessibility/,target returns 404
publication/the-functional-significance-and-regulation-of-soil-biodiversity-an-executive-summary-of-the-soil-ecology-society-meeting,Get involved,Close Menu,#,"href is ""#"""
publication/the-functional-significance-and-regulation-of-soil-biodiversity-an-executive-summary-of-the-soil-ecology-society-meeting,Get involved,Partner on Research,#,"href is ""#"""
publication/reduction-of-microbial-and-faunal-groups-following-application-of-streptomycin-and-captan-in-georgia-no-till-agroecosystems,(top of page),Subscribe,#,"href is ""#"""
publication/reduction-of-microbial-and-faunal-groups-following-application-of-streptomycin-and-captan-in-georgia-no-till-agroecosystems,(top of page),Partner on Research,#,"href is ""#"""
publication/reduction-of-microbial-and-faunal-groups-following-application-of-streptomycin-and-captan-in-georgia-no-till-agroecosystems,Foundation,Governance and financials,#,"href is ""#"""
publication/reduction-of-microbial-and-faunal-groups-following-application-of-streptomycin-and-captan-in-georgia-no-till-agroecosystems,Get involved,Donate,/donate/,target returns 404
publication/reduction-of-microbial-and-faunal-groups-following-application-of-streptomycin-and-captan-in-georgia-no-till-agroecosystems,Get involved,Accessibility,https://new.soilfoodweb.com/accessibility/,target returns 404
publication/reduction-of-microbial-and-faunal-groups-following-application-of-streptomycin-and-captan-in-georgia-no-till-agroecosystems,Get involved,Close Menu,#,"href is ""#"""
publication/reduction-of-microbial-and-faunal-groups-following-application-of-streptomycin-and-captan-in-georgia-no-till-agroecosystems,Get involved,Partner on Research,#,"href is ""#"""
publication/social-and-economic-concerns-with-respect-to-the-choice-of-critical-terrestrial-ecosystems,(top of page),Subscribe,#,"href is ""#"""
publication/social-and-economic-concerns-with-respect-to-the-choice-of-critical-terrestrial-ecosystems,(top of page),Partner on Research,#,"href is ""#"""
publication/social-and-economic-concerns-with-respect-to-the-choice-of-critical-terrestrial-ecosystems,Foundation,Governance and financials,#,"href is ""#"""
publication/social-and-economic-concerns-with-respect-to-the-choice-of-critical-terrestrial-ecosystems,Get involved,Donate,/donate/,target returns 404
publication/social-and-economic-concerns-with-respect-to-the-choice-of-critical-terrestrial-ecosystems,Get involved,Accessibility,https://new.soilfoodweb.com/accessibility/,target returns 404
publication/social-and-economic-concerns-with-respect-to-the-choice-of-critical-terrestrial-ecosystems,Get involved,Close Menu,#,"href is ""#"""
publication/social-and-economic-concerns-with-respect-to-the-choice-of-critical-terrestrial-ecosystems,Get involved,Partner on Research,#,"href is ""#"""
publication/review-of-the-effects-of-twelve-selected-biocides-on-target-and-non-target-soil-organisms,(top of page),Subscribe,#,"href is ""#"""
publication/review-of-the-effects-of-twelve-selected-biocides-on-target-and-non-target-soil-organisms,(top of page),Partner on Research,#,"href is ""#"""
publication/review-of-the-effects-of-twelve-selected-biocides-on-target-and-non-target-soil-organisms,Foundation,Governance and financials,#,"href is ""#"""
publication/review-of-the-effects-of-twelve-selected-biocides-on-target-and-non-target-soil-organisms,Get involved,Donate,/donate/,target returns 404
publication/review-of-the-effects-of-twelve-selected-biocides-on-target-and-non-target-soil-organisms,Get involved,Accessibility,https://new.soilfoodweb.com/accessibility/,target returns 404
publication/review-of-the-effects-of-twelve-selected-biocides-on-target-and-non-target-soil-organisms,Get involved,Close Menu,#,"href is ""#"""
publication/review-of-the-effects-of-twelve-selected-biocides-on-target-and-non-target-soil-organisms,Get involved,Partner on Research,#,"href is ""#"""
publication/the-effect-of-chloroform-on-protozoa-and-other-soil-inhabitants,(top of page),Subscribe,#,"href is ""#"""
publication/the-effect-of-chloroform-on-protozoa-and-other-soil-inhabitants,(top of page),Partner on Research,#,"href is ""#"""
publication/the-effect-of-chloroform-on-protozoa-and-other-soil-inhabitants,Foundation,Governance and financials,#,"href is ""#"""
publication/the-effect-of-chloroform-on-protozoa-and-other-soil-inhabitants,Get involved,Donate,/donate/,target returns 404
publication/the-effect-of-chloroform-on-protozoa-and-other-soil-inhabitants,Get involved,Accessibility,https://new.soilfoodweb.com/accessibility/,target returns 404
publication/the-effect-of-chloroform-on-protozoa-and-other-soil-inhabitants,Get involved,Close Menu,#,"href is ""#"""
publication/the-effect-of-chloroform-on-protozoa-and-other-soil-inhabitants,Get involved,Partner on Research,#,"href is ""#"""
publication/ultraviolet-induced-autofluorescence-a-new-method-for-detecting-and-quantifying-vesicular-arbuscular-mycorrhizal-root-infections,(top of page),Subscribe,#,"href is ""#"""
publication/ultraviolet-induced-autofluorescence-a-new-method-for-detecting-and-quantifying-vesicular-arbuscular-mycorrhizal-root-infections,(top of page),Partner on Research,#,"href is ""#"""
publication/ultraviolet-induced-autofluorescence-a-new-method-for-detecting-and-quantifying-vesicular-arbuscular-mycorrhizal-root-infections,Foundation,Governance and financials,#,"href is ""#"""
publication/ultraviolet-induced-autofluorescence-a-new-method-for-detecting-and-quantifying-vesicular-arbuscular-mycorrhizal-root-infections,Get involved,Donate,/donate/,target returns 404
publication/ultraviolet-induced-autofluorescence-a-new-method-for-detecting-and-quantifying-vesicular-arbuscular-mycorrhizal-root-infections,Get involved,Accessibility,https://new.soilfoodweb.com/accessibility/,target returns 404
publication/ultraviolet-induced-autofluorescence-a-new-method-for-detecting-and-quantifying-vesicular-arbuscular-mycorrhizal-root-infections,Get involved,Close Menu,#,"href is ""#"""
publication/ultraviolet-induced-autofluorescence-a-new-method-for-detecting-and-quantifying-vesicular-arbuscular-mycorrhizal-root-infections,Get involved,Partner on Research,#,"href is ""#"""
testimonial/yuki-tanaka,(top of page),Subscribe,#,"href is ""#"""
testimonial/yuki-tanaka,(top of page),Partner on Research,#,"href is ""#"""
testimonial/yuki-tanaka,Foundation,Governance and financials,#,"href is ""#"""
testimonial/yuki-tanaka,Get involved,Donate,/donate/,target returns 404
testimonial/yuki-tanaka,Get involved,Accessibility,https://new.soilfoodweb.com/accessibility/,target returns 404
testimonial/yuki-tanaka,Get involved,Close Menu,#,"href is ""#"""
testimonial/yuki-tanaka,Get involved,Partner on Research,#,"href is ""#"""
testimonial/amara-okafor,(top of page),Subscribe,#,"href is ""#"""
testimonial/amara-okafor,(top of page),Partner on Research,#,"href is ""#"""
testimonial/amara-okafor,Foundation,Governance and financials,#,"href is ""#"""
testimonial/amara-okafor,Get involved,Donate,/donate/,target returns 404
testimonial/amara-okafor,Get involved,Accessibility,https://new.soilfoodweb.com/accessibility/,target returns 404
testimonial/amara-okafor,Get involved,Close Menu,#,"href is ""#"""
testimonial/amara-okafor,Get involved,Partner on Research,#,"href is ""#"""
testimonial/marcus-thorne,(top of page),Subscribe,#,"href is ""#"""
testimonial/marcus-thorne,(top of page),Partner on Research,#,"href is ""#"""
testimonial/marcus-thorne,Foundation,Governance and financials,#,"href is ""#"""
testimonial/marcus-thorne,Get involved,Donate,/donate/,target returns 404
testimonial/marcus-thorne,Get involved,Accessibility,https://new.soilfoodweb.com/accessibility/,target returns 404
testimonial/marcus-thorne,Get involved,Close Menu,#,"href is ""#"""
testimonial/marcus-thorne,Get involved,Partner on Research,#,"href is ""#"""
testimonial/david-vance,(top of page),Subscribe,#,"href is ""#"""
testimonial/david-vance,(top of page),Partner on Research,#,"href is ""#"""
testimonial/david-vance,Foundation,Governance and financials,#,"href is ""#"""
testimonial/david-vance,Get involved,Donate,/donate/,target returns 404
testimonial/david-vance,Get involved,Accessibility,https://new.soilfoodweb.com/accessibility/,target returns 404
testimonial/david-vance,Get involved,Close Menu,#,"href is ""#"""
testimonial/david-vance,Get involved,Partner on Research,#,"href is ""#"""
testimonial/john-doe,(top of page),Subscribe,#,"href is ""#"""
testimonial/john-doe,(top of page),Partner on Research,#,"href is ""#"""
testimonial/john-doe,Foundation,Governance and financials,#,"href is ""#"""
testimonial/john-doe,Get involved,Donate,/donate/,target returns 404
testimonial/john-doe,Get involved,Accessibility,https://new.soilfoodweb.com/accessibility/,target returns 404
testimonial/john-doe,Get involved,Close Menu,#,"href is ""#"""
testimonial/john-doe,Get involved,Partner on Research,#,"href is ""#"""
video/sfw-consultant-todd-harrington,(top of page),Subscribe,#,"href is ""#"""
video/sfw-consultant-todd-harrington,(top of page),Partner on Research,#,"href is ""#"""
video/sfw-consultant-todd-harrington,Foundation,Governance and financials,#,"href is ""#"""
video/sfw-consultant-todd-harrington,Get involved,Donate,/donate/,target returns 404
video/sfw-consultant-todd-harrington,Get involved,Accessibility,https://new.soilfoodweb.com/accessibility/,target returns 404
video/sfw-consultant-todd-harrington,Get involved,Close Menu,#,"href is ""#"""
video/sfw-consultant-todd-harrington,Get involved,Partner on Research,#,"href is ""#"""
video/sfw-consultant-nick-tomasini,(top of page),Subscribe,#,"href is ""#"""
video/sfw-consultant-nick-tomasini,(top of page),Partner on Research,#,"href is ""#"""
video/sfw-consultant-nick-tomasini,Foundation,Governance and financials,#,"href is ""#"""
video/sfw-consultant-nick-tomasini,Get involved,Donate,/donate/,target returns 404
video/sfw-consultant-nick-tomasini,Get involved,Accessibility,https://new.soilfoodweb.com/accessibility/,target returns 404
video/sfw-consultant-nick-tomasini,Get involved,Close Menu,#,"href is ""#"""
video/sfw-consultant-nick-tomasini,Get involved,Partner on Research,#,"href is ""#"""
video/compost-producers-keisha-and-casey,(top of page),Subscribe,#,"href is ""#"""
video/compost-producers-keisha-and-casey,(top of page),Partner on Research,#,"href is ""#"""
video/compost-producers-keisha-and-casey,Foundation,Governance and financials,#,"href is ""#"""
video/compost-producers-keisha-and-casey,Get involved,Donate,/donate/,target returns 404
video/compost-producers-keisha-and-casey,Get involved,Accessibility,https://new.soilfoodweb.com/accessibility/,target returns 404
video/compost-producers-keisha-and-casey,Get involved,Close Menu,#,"href is ""#"""
video/compost-producers-keisha-and-casey,Get involved,Partner on Research,#,"href is ""#"""
video/sfw-consultant-brian-vagg,(top of page),Subscribe,#,"href is ""#"""
video/sfw-consultant-brian-vagg,(top of page),Partner on Research,#,"href is ""#"""
video/sfw-consultant-brian-vagg,Foundation,Governance and financials,#,"href is ""#"""
video/sfw-consultant-brian-vagg,Get involved,Donate,/donate/,target returns 404
video/sfw-consultant-brian-vagg,Get involved,Accessibility,https://new.soilfoodweb.com/accessibility/,target returns 404
video/sfw-consultant-brian-vagg,Get involved,Close Menu,#,"href is ""#"""
video/sfw-consultant-brian-vagg,Get involved,Partner on Research,#,"href is ""#"""
video/about-the-soil-food-web,(top of page),Subscribe,#,"href is ""#"""
video/about-the-soil-food-web,(top of page),Partner on Research,#,"href is ""#"""
video/about-the-soil-food-web,Foundation,Governance and financials,#,"href is ""#"""
video/about-the-soil-food-web,Get involved,Donate,/donate/,target returns 404
video/about-the-soil-food-web,Get involved,Accessibility,https://new.soilfoodweb.com/accessibility/,target returns 404
video/about-the-soil-food-web,Get involved,Close Menu,#,"href is ""#"""
video/about-the-soil-food-web,Get involved,Partner on Research,#,"href is ""#"""
video/using-the-microscope,(top of page),Subscribe,#,"href is ""#"""
video/using-the-microscope,(top of page),Partner on Research,#,"href is ""#"""
video/using-the-microscope,Foundation,Governance and financials,#,"href is ""#"""
video/using-the-microscope,Get involved,Donate,/donate/,target returns 404
video/using-the-microscope,Get involved,Accessibility,https://new.soilfoodweb.com/accessibility/,target returns 404
video/using-the-microscope,Get involved,Close Menu,#,"href is ""#"""
video/using-the-microscope,Get involved,Partner on Research,#,"href is ""#"""
video/making-compost-extract-and-tea,(top of page),Subscribe,#,"href is ""#"""
video/making-compost-extract-and-tea,(top of page),Partner on Research,#,"href is ""#"""
video/making-compost-extract-and-tea,Foundation,Governance and financials,#,"href is ""#"""
video/making-compost-extract-and-tea,Get involved,Donate,/donate/,target returns 404
video/making-compost-extract-and-tea,Get involved,Accessibility,https://new.soilfoodweb.com/accessibility/,target returns 404
video/making-compost-extract-and-tea,Get involved,Close Menu,#,"href is ""#"""
video/making-compost-extract-and-tea,Get involved,Partner on Research,#,"href is ""#"""
video/cory-miller,(top of page),Subscribe,#,"href is ""#"""
video/cory-miller,(top of page),Partner on Research,#,"href is ""#"""
video/cory-miller,Foundation,Governance and financials,#,"href is ""#"""
video/cory-miller,Get involved,Donate,/donate/,target returns 404
video/cory-miller,Get involved,Accessibility,https://new.soilfoodweb.com/accessibility/,target returns 404
video/cory-miller,Get involved,Close Menu,#,"href is ""#"""
video/cory-miller,Get involved,Partner on Research,#,"href is ""#"""
video/jenn-sirp,(top of page),Subscribe,#,"href is ""#"""
video/jenn-sirp,(top of page),Partner on Research,#,"href is ""#"""
video/jenn-sirp,Foundation,Governance and financials,#,"href is ""#"""
video/jenn-sirp,Get involved,Donate,/donate/,target returns 404
video/jenn-sirp,Get involved,Accessibility,https://new.soilfoodweb.com/accessibility/,target returns 404
video/jenn-sirp,Get involved,Close Menu,#,"href is ""#"""
video/jenn-sirp,Get involved,Partner on Research,#,"href is ""#"""
video/roberto-silva,(top of page),Subscribe,#,"href is ""#"""
video/roberto-silva,(top of page),Partner on Research,#,"href is ""#"""
video/roberto-silva,Foundation,Governance and financials,#,"href is ""#"""
video/roberto-silva,Get involved,Donate,/donate/,target returns 404
video/roberto-silva,Get involved,Accessibility,https://new.soilfoodweb.com/accessibility/,target returns 404
video/roberto-silva,Get involved,Close Menu,#,"href is ""#"""
video/roberto-silva,Get involved,Partner on Research,#,"href is ""#"""
video/adam-york,(top of page),Subscribe,#,"href is ""#"""
video/adam-york,(top of page),Partner on Research,#,"href is ""#"""
video/adam-york,Foundation,Governance and financials,#,"href is ""#"""
video/adam-york,Get involved,Donate,/donate/,target returns 404
video/adam-york,Get involved,Accessibility,https://new.soilfoodweb.com/accessibility/,target returns 404
video/adam-york,Get involved,Close Menu,#,"href is ""#"""
video/adam-york,Get involved,Partner on Research,#,"href is ""#"""
video/4000-acres-norfolk-england,(top of page),Subscribe,#,"href is ""#"""
video/4000-acres-norfolk-england,(top of page),Partner on Research,#,"href is ""#"""
video/4000-acres-norfolk-england,Foundation,Governance and financials,#,"href is ""#"""
video/4000-acres-norfolk-england,Get involved,Donate,/donate/,target returns 404
video/4000-acres-norfolk-england,Get involved,Accessibility,https://new.soilfoodweb.com/accessibility/,target returns 404
video/4000-acres-norfolk-england,Get involved,Close Menu,#,"href is ""#"""
video/4000-acres-norfolk-england,Get involved,Partner on Research,#,"href is ""#"""
video/172-acre-park-project,(top of page),Subscribe,#,"href is ""#"""
video/172-acre-park-project,(top of page),Partner on Research,#,"href is ""#"""
video/172-acre-park-project,Foundation,Governance and financials,#,"href is ""#"""
video/172-acre-park-project,Get involved,Donate,/donate/,target returns 404
video/172-acre-park-project,Get involved,Accessibility,https://new.soilfoodweb.com/accessibility/,target returns 404
video/172-acre-park-project,Get involved,Close Menu,#,"href is ""#"""
video/172-acre-park-project,Get involved,Partner on Research,#,"href is ""#"""
video/organic-banana-farm-south-africa,(top of page),Subscribe,#,"href is ""#"""
video/organic-banana-farm-south-africa,(top of page),Partner on Research,#,"href is ""#"""
video/organic-banana-farm-south-africa,Foundation,Governance and financials,#,"href is ""#"""
video/organic-banana-farm-south-africa,Get involved,Donate,/donate/,target returns 404
video/organic-banana-farm-south-africa,Get involved,Accessibility,https://new.soilfoodweb.com/accessibility/,target returns 404
video/organic-banana-farm-south-africa,Get involved,Close Menu,#,"href is ""#"""
video/organic-banana-farm-south-africa,Get involved,Partner on Research,#,"href is ""#"""
video/alfalfa-potatoes-beans,(top of page),Subscribe,#,"href is ""#"""
video/alfalfa-potatoes-beans,(top of page),Partner on Research,#,"href is ""#"""
video/alfalfa-potatoes-beans,Foundation,Governance and financials,#,"href is ""#"""
video/alfalfa-potatoes-beans,Get involved,Donate,/donate/,target returns 404
video/alfalfa-potatoes-beans,Get involved,Accessibility,https://new.soilfoodweb.com/accessibility/,target returns 404
video/alfalfa-potatoes-beans,Get involved,Close Menu,#,"href is ""#"""
video/alfalfa-potatoes-beans,Get involved,Partner on Research,#,"href is ""#"""
video/grapes-cannabis-turmeric-more,(top of page),Subscribe,#,"href is ""#"""
video/grapes-cannabis-turmeric-more,(top of page),Partner on Research,#,"href is ""#"""
video/grapes-cannabis-turmeric-more,Foundation,Governance and financials,#,"href is ""#"""
video/grapes-cannabis-turmeric-more,Get involved,Donate,/donate/,target returns 404
video/grapes-cannabis-turmeric-more,Get involved,Accessibility,https://new.soilfoodweb.com/accessibility/,target returns 404
video/grapes-cannabis-turmeric-more,Get involved,Close Menu,#,"href is ""#"""
video/grapes-cannabis-turmeric-more,Get involved,Partner on Research,#,"href is ""#"""
video/corn-soy-10000-acres,(top of page),Subscribe,#,"href is ""#"""
video/corn-soy-10000-acres,(top of page),Partner on Research,#,"href is ""#"""
video/corn-soy-10000-acres,Foundation,Governance and financials,#,"href is ""#"""
video/corn-soy-10000-acres,Get involved,Donate,/donate/,target returns 404
video/corn-soy-10000-acres,Get involved,Accessibility,https://new.soilfoodweb.com/accessibility/,target returns 404
video/corn-soy-10000-acres,Get involved,Close Menu,#,"href is ""#"""
video/corn-soy-10000-acres,Get involved,Partner on Research,#,"href is ""#"""
video/renald-flores,(top of page),Subscribe,#,"href is ""#"""
video/renald-flores,(top of page),Partner on Research,#,"href is ""#"""
video/renald-flores,Foundation,Governance and financials,#,"href is ""#"""
video/renald-flores,Get involved,Donate,/donate/,target returns 404
video/renald-flores,Get involved,Accessibility,https://new.soilfoodweb.com/accessibility/,target returns 404
video/renald-flores,Get involved,Close Menu,#,"href is ""#"""
video/renald-flores,Get involved,Partner on Research,#,"href is ""#"""
video/students,(top of page),Subscribe,#,"href is ""#"""
video/students,(top of page),Partner on Research,#,"href is ""#"""
video/students,Foundation,Governance and financials,#,"href is ""#"""
video/students,Get involved,Donate,/donate/,target returns 404
video/students,Get involved,Accessibility,https://new.soilfoodweb.com/accessibility/,target returns 404
video/students,Get involved,Close Menu,#,"href is ""#"""
video/students,Get involved,Partner on Research,#,"href is ""#"""
video/consultants,(top of page),Subscribe,#,"href is ""#"""
video/consultants,(top of page),Partner on Research,#,"href is ""#"""
video/consultants,Foundation,Governance and financials,#,"href is ""#"""
video/consultants,Get involved,Donate,/donate/,target returns 404
video/consultants,Get involved,Accessibility,https://new.soilfoodweb.com/accessibility/,target returns 404
video/consultants,Get involved,Close Menu,#,"href is ""#"""
video/consultants,Get involved,Partner on Research,#,"href is ""#"""
team-member/stephanie-mcdaniel,(top of page),Subscribe,#,"href is ""#"""
team-member/stephanie-mcdaniel,(top of page),Partner on Research,#,"href is ""#"""
team-member/stephanie-mcdaniel,Foundation,Governance and financials,#,"href is ""#"""
team-member/stephanie-mcdaniel,Get involved,Donate,/donate/,target returns 404
team-member/stephanie-mcdaniel,Get involved,Accessibility,https://new.soilfoodweb.com/accessibility/,target returns 404
team-member/stephanie-mcdaniel,Get involved,Close Menu,#,"href is ""#"""
team-member/stephanie-mcdaniel,Get involved,Partner on Research,#,"href is ""#"""
team-member/delvin-solkinson,(top of page),Subscribe,#,"href is ""#"""
team-member/delvin-solkinson,(top of page),Partner on Research,#,"href is ""#"""
team-member/delvin-solkinson,Foundation,Governance and financials,#,"href is ""#"""
team-member/delvin-solkinson,Get involved,Donate,/donate/,target returns 404
team-member/delvin-solkinson,Get involved,Accessibility,https://new.soilfoodweb.com/accessibility/,target returns 404
team-member/delvin-solkinson,Get involved,Close Menu,#,"href is ""#"""
team-member/delvin-solkinson,Get involved,Partner on Research,#,"href is ""#"""
team-member/pranjal-rajput,(top of page),Subscribe,#,"href is ""#"""
team-member/pranjal-rajput,(top of page),Partner on Research,#,"href is ""#"""
team-member/pranjal-rajput,Foundation,Governance and financials,#,"href is ""#"""
team-member/pranjal-rajput,Get involved,Donate,/donate/,target returns 404
team-member/pranjal-rajput,Get involved,Accessibility,https://new.soilfoodweb.com/accessibility/,target returns 404
team-member/pranjal-rajput,Get involved,Close Menu,#,"href is ""#"""
team-member/pranjal-rajput,Get involved,Partner on Research,#,"href is ""#"""
team-member/elena-kalli,(top of page),Subscribe,#,"href is ""#"""
team-member/elena-kalli,(top of page),Partner on Research,#,"href is ""#"""
team-member/elena-kalli,Foundation,Governance and financials,#,"href is ""#"""
team-member/elena-kalli,Get involved,Donate,/donate/,target returns 404
team-member/elena-kalli,Get involved,Accessibility,https://new.soilfoodweb.com/accessibility/,target returns 404
team-member/elena-kalli,Get involved,Close Menu,#,"href is ""#"""
team-member/elena-kalli,Get involved,Partner on Research,#,"href is ""#"""
team-member/alex-andreou,(top of page),Subscribe,#,"href is ""#"""
team-member/alex-andreou,(top of page),Partner on Research,#,"href is ""#"""
team-member/alex-andreou,Foundation,Governance and financials,#,"href is ""#"""
team-member/alex-andreou,Get involved,Donate,/donate/,target returns 404
team-member/alex-andreou,Get involved,Accessibility,https://new.soilfoodweb.com/accessibility/,target returns 404
team-member/alex-andreou,Get involved,Close Menu,#,"href is ""#"""
team-member/alex-andreou,Get involved,Partner on Research,#,"href is ""#"""
team-member/sammie-bass,(top of page),Subscribe,#,"href is ""#"""
team-member/sammie-bass,(top of page),Partner on Research,#,"href is ""#"""
team-member/sammie-bass,Foundation,Governance and financials,#,"href is ""#"""
team-member/sammie-bass,Get involved,Donate,/donate/,target returns 404
team-member/sammie-bass,Get involved,Accessibility,https://new.soilfoodweb.com/accessibility/,target returns 404
team-member/sammie-bass,Get involved,Close Menu,#,"href is ""#"""
team-member/sammie-bass,Get involved,Partner on Research,#,"href is ""#"""
team-member/isadora-shmidt,(top of page),Subscribe,#,"href is ""#"""
team-member/isadora-shmidt,(top of page),Partner on Research,#,"href is ""#"""
team-member/isadora-shmidt,Foundation,Governance and financials,#,"href is ""#"""
team-member/isadora-shmidt,Get involved,Donate,/donate/,target returns 404
team-member/isadora-shmidt,Get involved,Accessibility,https://new.soilfoodweb.com/accessibility/,target returns 404
team-member/isadora-shmidt,Get involved,Close Menu,#,"href is ""#"""
team-member/isadora-shmidt,Get involved,Partner on Research,#,"href is ""#"""
team-member/aysen-ustunay,(top of page),Subscribe,#,"href is ""#"""
team-member/aysen-ustunay,(top of page),Partner on Research,#,"href is ""#"""
team-member/aysen-ustunay,Foundation,Governance and financials,#,"href is ""#"""
team-member/aysen-ustunay,Get involved,Donate,/donate/,target returns 404
team-member/aysen-ustunay,Get involved,Accessibility,https://new.soilfoodweb.com/accessibility/,target returns 404
team-member/aysen-ustunay,Get involved,Close Menu,#,"href is ""#"""
team-member/aysen-ustunay,Get involved,Partner on Research,#,"href is ""#"""
team-member/brian-daubenspeck,(top of page),Subscribe,#,"href is ""#"""
team-member/brian-daubenspeck,(top of page),Partner on Research,#,"href is ""#"""
team-member/brian-daubenspeck,Foundation,Governance and financials,#,"href is ""#"""
team-member/brian-daubenspeck,Get involved,Donate,/donate/,target returns 404
team-member/brian-daubenspeck,Get involved,Accessibility,https://new.soilfoodweb.com/accessibility/,target returns 404
team-member/brian-daubenspeck,Get involved,Close Menu,#,"href is ""#"""
team-member/brian-daubenspeck,Get involved,Partner on Research,#,"href is ""#"""
team-member/wesley-sander,(top of page),Subscribe,#,"href is ""#"""
team-member/wesley-sander,(top of page),Partner on Research,#,"href is ""#"""
team-member/wesley-sander,Foundation,Governance and financials,#,"href is ""#"""
team-member/wesley-sander,Get involved,Donate,/donate/,target returns 404
team-member/wesley-sander,Get involved,Accessibility,https://new.soilfoodweb.com/accessibility/,target returns 404
team-member/wesley-sander,Get involved,Close Menu,#,"href is ""#"""
team-member/wesley-sander,Get involved,Partner on Research,#,"href is ""#"""
team-member/casey-williams,(top of page),Subscribe,#,"href is ""#"""
team-member/casey-williams,(top of page),Partner on Research,#,"href is ""#"""
team-member/casey-williams,Foundation,Governance and financials,#,"href is ""#"""
team-member/casey-williams,Get involved,Donate,/donate/,target returns 404
team-member/casey-williams,Get involved,Accessibility,https://new.soilfoodweb.com/accessibility/,target returns 404
team-member/casey-williams,Get involved,Close Menu,#,"href is ""#"""
team-member/casey-williams,Get involved,Partner on Research,#,"href is ""#"""
team-member/ib-borup-pedersen,(top of page),Subscribe,#,"href is ""#"""
team-member/ib-borup-pedersen,(top of page),Partner on Research,#,"href is ""#"""
team-member/ib-borup-pedersen,Foundation,Governance and financials,#,"href is ""#"""
team-member/ib-borup-pedersen,Get involved,Donate,/donate/,target returns 404
team-member/ib-borup-pedersen,Get involved,Accessibility,https://new.soilfoodweb.com/accessibility/,target returns 404
team-member/ib-borup-pedersen,Get involved,Close Menu,#,"href is ""#"""
team-member/ib-borup-pedersen,Get involved,Partner on Research,#,"href is ""#"""
team-member/nick-padwick,(top of page),Subscribe,#,"href is ""#"""
team-member/nick-padwick,(top of page),Partner on Research,#,"href is ""#"""
team-member/nick-padwick,Foundation,Governance and financials,#,"href is ""#"""
team-member/nick-padwick,Get involved,Donate,/donate/,target returns 404
team-member/nick-padwick,Get involved,Accessibility,https://new.soilfoodweb.com/accessibility/,target returns 404
team-member/nick-padwick,Get involved,Close Menu,#,"href is ""#"""
team-member/nick-padwick,Get involved,Partner on Research,#,"href is ""#"""
team-member/dora-tkalec,(top of page),Subscribe,#,"href is ""#"""
team-member/dora-tkalec,(top of page),Partner on Research,#,"href is ""#"""
team-member/dora-tkalec,Foundation,Governance and financials,#,"href is ""#"""
team-member/dora-tkalec,Get involved,Donate,/donate/,target returns 404
team-member/dora-tkalec,Get involved,Accessibility,https://new.soilfoodweb.com/accessibility/,target returns 404
team-member/dora-tkalec,Get involved,Close Menu,#,"href is ""#"""
team-member/dora-tkalec,Get involved,Partner on Research,#,"href is ""#"""
team-member/gerald-ramirez,(top of page),Subscribe,#,"href is ""#"""
team-member/gerald-ramirez,(top of page),Partner on Research,#,"href is ""#"""
team-member/gerald-ramirez,Foundation,Governance and financials,#,"href is ""#"""
team-member/gerald-ramirez,Get involved,Donate,/donate/,target returns 404
team-member/gerald-ramirez,Get involved,Accessibility,https://new.soilfoodweb.com/accessibility/,target returns 404
team-member/gerald-ramirez,Get involved,Close Menu,#,"href is ""#"""
team-member/gerald-ramirez,Get involved,Partner on Research,#,"href is ""#"""
team-member/dr-carla-ribeiro-machado-e-portugal,(top of page),Subscribe,#,"href is ""#"""
team-member/dr-carla-ribeiro-machado-e-portugal,(top of page),Partner on Research,#,"href is ""#"""
team-member/dr-carla-ribeiro-machado-e-portugal,Foundation,Governance and financials,#,"href is ""#"""
team-member/dr-carla-ribeiro-machado-e-portugal,Get involved,Donate,/donate/,target returns 404
team-member/dr-carla-ribeiro-machado-e-portugal,Get involved,Accessibility,https://new.soilfoodweb.com/accessibility/,target returns 404
team-member/dr-carla-ribeiro-machado-e-portugal,Get involved,Close Menu,#,"href is ""#"""
team-member/dr-carla-ribeiro-machado-e-portugal,Get involved,Partner on Research,#,"href is ""#"""
team-member/loida-vasquez,(top of page),Subscribe,#,"href is ""#"""
team-member/loida-vasquez,(top of page),Partner on Research,#,"href is ""#"""
team-member/loida-vasquez,Foundation,Governance and financials,#,"href is ""#"""
team-member/loida-vasquez,Get involved,Donate,/donate/,target returns 404
team-member/loida-vasquez,Get involved,Accessibility,https://new.soilfoodweb.com/accessibility/,target returns 404
team-member/loida-vasquez,Get involved,Close Menu,#,"href is ""#"""
team-member/loida-vasquez,Get involved,Partner on Research,#,"href is ""#"""
team-member/jenna-noel,(top of page),Subscribe,#,"href is ""#"""
team-member/jenna-noel,(top of page),Partner on Research,#,"href is ""#"""
team-member/jenna-noel,Foundation,Governance and financials,#,"href is ""#"""
team-member/jenna-noel,Get involved,Donate,/donate/,target returns 404
team-member/jenna-noel,Get involved,Accessibility,https://new.soilfoodweb.com/accessibility/,target returns 404
team-member/jenna-noel,Get involved,Close Menu,#,"href is ""#"""
team-member/jenna-noel,Get involved,Partner on Research,#,"href is ""#"""
team-member/eric-feiler,(top of page),Subscribe,#,"href is ""#"""
team-member/eric-feiler,(top of page),Partner on Research,#,"href is ""#"""
team-member/eric-feiler,Foundation,Governance and financials,#,"href is ""#"""
team-member/eric-feiler,Get involved,Donate,/donate/,target returns 404
team-member/eric-feiler,Get involved,Accessibility,https://new.soilfoodweb.com/accessibility/,target returns 404
team-member/eric-feiler,Get involved,Close Menu,#,"href is ""#"""
team-member/eric-feiler,Get involved,Partner on Research,#,"href is ""#"""
team-member/leslie-w-lewis-ph-d,(top of page),Subscribe,#,"href is ""#"""
team-member/leslie-w-lewis-ph-d,(top of page),Partner on Research,#,"href is ""#"""
team-member/leslie-w-lewis-ph-d,Foundation,Governance and financials,#,"href is ""#"""
team-member/leslie-w-lewis-ph-d,Get involved,Donate,/donate/,target returns 404
team-member/leslie-w-lewis-ph-d,Get involved,Accessibility,https://new.soilfoodweb.com/accessibility/,target returns 404
team-member/leslie-w-lewis-ph-d,Get involved,Close Menu,#,"href is ""#"""
team-member/leslie-w-lewis-ph-d,Get involved,Partner on Research,#,"href is ""#"""
team-member/dr-elaine-ingham,(top of page),Subscribe,#,"href is ""#"""
team-member/dr-elaine-ingham,(top of page),Partner on Research,#,"href is ""#"""
team-member/dr-elaine-ingham,Foundation,Governance and financials,#,"href is ""#"""
team-member/dr-elaine-ingham,Get involved,Donate,/donate/,target returns 404
team-member/dr-elaine-ingham,Get involved,Accessibility,https://new.soilfoodweb.com/accessibility/,target returns 404
team-member/dr-elaine-ingham,Get involved,Close Menu,#,"href is ""#"""
team-member/dr-elaine-ingham,Get involved,Partner on Research,#,"href is ""#"""
team-member/evan-buckman,(top of page),Subscribe,#,"href is ""#"""
team-member/evan-buckman,(top of page),Partner on Research,#,"href is ""#"""
team-member/evan-buckman,Foundation,Governance and financials,#,"href is ""#"""
team-member/evan-buckman,Get involved,Donate,/donate/,target returns 404
team-member/evan-buckman,Get involved,Accessibility,https://new.soilfoodweb.com/accessibility/,target returns 404
team-member/evan-buckman,Get involved,Close Menu,#,"href is ""#"""
team-member/evan-buckman,Get involved,Partner on Research,#,"href is ""#"""
category/blogposts,(top of page),Subscribe,#,"href is ""#"""
category/blogposts,(top of page),Partner on Research,#,"href is ""#"""
category/blogposts,Foundation,Governance and financials,#,"href is ""#"""
category/blogposts,Get involved,Donate,/donate/,target returns 404
category/blogposts,Get involved,Accessibility,https://new.soilfoodweb.com/accessibility/,target returns 404
category/blogposts,Get involved,Close Menu,#,"href is ""#"""
category/blogposts,Get involved,Partner on Research,#,"href is ""#"""
category/events,(top of page),Subscribe,#,"href is ""#"""
category/events,(top of page),Partner on Research,#,"href is ""#"""
category/events,Foundation,Governance and financials,#,"href is ""#"""
category/events,Get involved,Donate,/donate/,target returns 404
category/events,Get involved,Accessibility,https://new.soilfoodweb.com/accessibility/,target returns 404
category/events,Get involved,Close Menu,#,"href is ""#"""
category/events,Get involved,Partner on Research,#,"href is ""#"""
category/school-updates,(top of page),Subscribe,#,"href is ""#"""
category/school-updates,(top of page),Partner on Research,#,"href is ""#"""
category/school-updates,Foundation,Governance and financials,#,"href is ""#"""
category/school-updates,Get involved,Donate,/donate/,target returns 404
category/school-updates,Get involved,Accessibility,https://new.soilfoodweb.com/accessibility/,target returns 404
category/school-updates,Get involved,Close Menu,#,"href is ""#"""
category/school-updates,Get involved,Partner on Research,#,"href is ""#"""
category/science-education,(top of page),Subscribe,#,"href is ""#"""
category/science-education,(top of page),Partner on Research,#,"href is ""#"""
category/science-education,Foundation,Governance and financials,#,"href is ""#"""
category/science-education,Get involved,Donate,/donate/,target returns 404
category/science-education,Get involved,Accessibility,https://new.soilfoodweb.com/accessibility/,target returns 404
category/science-education,Get involved,Close Menu,#,"href is ""#"""
category/science-education,Get involved,Partner on Research,#,"href is ""#"""
news/page/2,(top of page),Subscribe,#,"href is ""#"""
news/page/2,(top of page),Partner on Research,#,"href is ""#"""
news/page/2,Foundation,Governance and financials,#,"href is ""#"""
news/page/2,Get involved,Donate,/donate/,target returns 404
news/page/2,Get involved,Accessibility,https://new.soilfoodweb.com/accessibility/,target returns 404
news/page/2,Get involved,Close Menu,#,"href is ""#"""
news/page/2,Get involved,Partner on Research,#,"href is ""#"""
category/microscopy,(top of page),Subscribe,#,"href is ""#"""
category/microscopy,(top of page),Partner on Research,#,"href is ""#"""
category/microscopy,Foundation,Governance and financials,#,"href is ""#"""
category/microscopy,Get involved,Donate,/donate/,target returns 404
category/microscopy,Get involved,Accessibility,https://new.soilfoodweb.com/accessibility/,target returns 404
category/microscopy,Get involved,Close Menu,#,"href is ""#"""
category/microscopy,Get involved,Partner on Research,#,"href is ""#"""
author/admin,(top of page),Subscribe,#,"href is ""#"""
author/admin,(top of page),Partner on Research,#,"href is ""#"""
author/admin,Foundation,Governance and financials,#,"href is ""#"""
author/admin,Get involved,Donate,/donate/,target returns 404
author/admin,Get involved,Accessibility,https://new.soilfoodweb.com/accessibility/,target returns 404
author/admin,Get involved,Close Menu,#,"href is ""#"""
author/admin,Get involved,Partner on Research,#,"href is ""#"""
category/features,(top of page),Subscribe,#,"href is ""#"""
category/features,(top of page),Partner on Research,#,"href is ""#"""
category/features,Foundation,Governance and financials,#,"href is ""#"""
category/features,Get involved,Donate,/donate/,target returns 404
category/features,Get involved,Accessibility,https://new.soilfoodweb.com/accessibility/,target returns 404
category/features,Get involved,Close Menu,#,"href is ""#"""
category/features,Get involved,Partner on Research,#,"href is ""#"""
category/newsletter,(top of page),Subscribe,#,"href is ""#"""
category/newsletter,(top of page),Partner on Research,#,"href is ""#"""
category/newsletter,Foundation,Governance and financials,#,"href is ""#"""
category/newsletter,Get involved,Donate,/donate/,target returns 404
category/newsletter,Get involved,Accessibility,https://new.soilfoodweb.com/accessibility/,target returns 404
category/newsletter,Get involved,Close Menu,#,"href is ""#"""
category/newsletter,Get involved,Partner on Research,#,"href is ""#"""
tag/advanced-courses,(top of page),Subscribe,#,"href is ""#"""
tag/advanced-courses,(top of page),Partner on Research,#,"href is ""#"""
tag/advanced-courses,Foundation,Governance and financials,#,"href is ""#"""
tag/advanced-courses,Get involved,Donate,/donate/,target returns 404
tag/advanced-courses,Get involved,Accessibility,https://new.soilfoodweb.com/accessibility/,target returns 404
tag/advanced-courses,Get involved,Close Menu,#,"href is ""#"""
tag/advanced-courses,Get involved,Partner on Research,#,"href is ""#"""
tag/africa,(top of page),Subscribe,#,"href is ""#"""
tag/africa,(top of page),Partner on Research,#,"href is ""#"""
tag/africa,Foundation,Governance and financials,#,"href is ""#"""
tag/africa,Get involved,Donate,/donate/,target returns 404
tag/africa,Get involved,Accessibility,https://new.soilfoodweb.com/accessibility/,target returns 404
tag/africa,Get involved,Close Menu,#,"href is ""#"""
tag/africa,Get involved,Partner on Research,#,"href is ""#"""
tag/agroecological-model,(top of page),Subscribe,#,"href is ""#"""
tag/agroecological-model,(top of page),Partner on Research,#,"href is ""#"""
tag/agroecological-model,Foundation,Governance and financials,#,"href is ""#"""
tag/agroecological-model,Get involved,Donate,/donate/,target returns 404
tag/agroecological-model,Get involved,Accessibility,https://new.soilfoodweb.com/accessibility/,target returns 404
tag/agroecological-model,Get involved,Close Menu,#,"href is ""#"""
tag/agroecological-model,Get involved,Partner on Research,#,"href is ""#"""
tag/board-member,(top of page),Subscribe,#,"href is ""#"""
tag/board-member,(top of page),Partner on Research,#,"href is ""#"""
tag/board-member,Foundation,Governance and financials,#,"href is ""#"""
tag/board-member,Get involved,Donate,/donate/,target returns 404
tag/board-member,Get involved,Accessibility,https://new.soilfoodweb.com/accessibility/,target returns 404
tag/board-member,Get involved,Close Menu,#,"href is ""#"""
tag/board-member,Get involved,Partner on Research,#,"href is ""#"""
tag/courses,(top of page),Subscribe,#,"href is ""#"""
tag/courses,(top of page),Partner on Research,#,"href is ""#"""
tag/courses,Foundation,Governance and financials,#,"href is ""#"""
tag/courses,Get involved,Donate,/donate/,target returns 404
tag/courses,Get involved,Accessibility,https://new.soilfoodweb.com/accessibility/,target returns 404
tag/courses,Get involved,Close Menu,#,"href is ""#"""
tag/courses,Get involved,Partner on Research,#,"href is ""#"""
tag/ecological-succession,(top of page),Subscribe,#,"href is ""#"""
tag/ecological-succession,(top of page),Partner on Research,#,"href is ""#"""
tag/ecological-succession,Foundation,Governance and financials,#,"href is ""#"""
tag/ecological-succession,Get involved,Donate,/donate/,target returns 404
tag/ecological-succession,Get involved,Accessibility,https://new.soilfoodweb.com/accessibility/,target returns 404
tag/ecological-succession,Get involved,Close Menu,#,"href is ""#"""
tag/ecological-succession,Get involved,Partner on Research,#,"href is ""#"""
tag/ecosystem-redesign,(top of page),Subscribe,#,"href is ""#"""
tag/ecosystem-redesign,(top of page),Partner on Research,#,"href is ""#"""
tag/ecosystem-redesign,Foundation,Governance and financials,#,"href is ""#"""
tag/ecosystem-redesign,Get involved,Donate,/donate/,target returns 404
tag/ecosystem-redesign,Get involved,Accessibility,https://new.soilfoodweb.com/accessibility/,target returns 404
tag/ecosystem-redesign,Get involved,Close Menu,#,"href is ""#"""
tag/ecosystem-redesign,Get involved,Partner on Research,#,"href is ""#"""
tag/educational,(top of page),Subscribe,#,"href is ""#"""
tag/educational,(top of page),Partner on Research,#,"href is ""#"""
tag/educational,Foundation,Governance and financials,#,"href is ""#"""
tag/educational,Get involved,Donate,/donate/,target returns 404
tag/educational,Get involved,Accessibility,https://new.soilfoodweb.com/accessibility/,target returns 404
tag/educational,Get involved,Close Menu,#,"href is ""#"""
tag/educational,Get involved,Partner on Research,#,"href is ""#"""
tag/environmental-challenges,(top of page),Subscribe,#,"href is ""#"""
tag/environmental-challenges,(top of page),Partner on Research,#,"href is ""#"""
tag/environmental-challenges,Foundation,Governance and financials,#,"href is ""#"""
tag/environmental-challenges,Get involved,Donate,/donate/,target returns 404
tag/environmental-challenges,Get involved,Accessibility,https://new.soilfoodweb.com/accessibility/,target returns 404
tag/environmental-challenges,Get involved,Close Menu,#,"href is ""#"""
tag/environmental-challenges,Get involved,Partner on Research,#,"href is ""#"""
tag/ernst-gotsch,(top of page),Subscribe,#,"href is ""#"""
tag/ernst-gotsch,(top of page),Partner on Research,#,"href is ""#"""
tag/ernst-gotsch,Foundation,Governance and financials,#,"href is ""#"""
tag/ernst-gotsch,Get involved,Donate,/donate/,target returns 404
tag/ernst-gotsch,Get involved,Accessibility,https://new.soilfoodweb.com/accessibility/,target returns 404
tag/ernst-gotsch,Get involved,Close Menu,#,"href is ""#"""
tag/ernst-gotsch,Get involved,Partner on Research,#,"href is ""#"""
tag/icow,(top of page),Subscribe,#,"href is ""#"""
tag/icow,(top of page),Partner on Research,#,"href is ""#"""
tag/icow,Foundation,Governance and financials,#,"href is ""#"""
tag/icow,Get involved,Donate,/donate/,target returns 404
tag/icow,Get involved,Accessibility,https://new.soilfoodweb.com/accessibility/,target returns 404
tag/icow,Get involved,Close Menu,#,"href is ""#"""
tag/icow,Get involved,Partner on Research,#,"href is ""#"""
tag/kenya,(top of page),Subscribe,#,"href is ""#"""
tag/kenya,(top of page),Partner on Research,#,"href is ""#"""
tag/kenya,Foundation,Governance and financials,#,"href is ""#"""
tag/kenya,Get involved,Donate,/donate/,target returns 404
tag/kenya,Get involved,Accessibility,https://new.soilfoodweb.com/accessibility/,target returns 404
tag/kenya,Get involved,Close Menu,#,"href is ""#"""
tag/kenya,Get involved,Partner on Research,#,"href is ""#"""
tag/pdc,(top of page),Subscribe,#,"href is ""#"""
tag/pdc,(top of page),Partner on Research,#,"href is ""#"""
tag/pdc,Foundation,Governance and financials,#,"href is ""#"""
tag/pdc,Get involved,Donate,/donate/,target returns 404
tag/pdc,Get involved,Accessibility,https://new.soilfoodweb.com/accessibility/,target returns 404
tag/pdc,Get involved,Close Menu,#,"href is ""#"""
tag/pdc,Get involved,Partner on Research,#,"href is ""#"""
tag/regenerative-agriculture,(top of page),Subscribe,#,"href is ""#"""
tag/regenerative-agriculture,(top of page),Partner on Research,#,"href is ""#"""
tag/regenerative-agriculture,Foundation,Governance and financials,#,"href is ""#"""
tag/regenerative-agriculture,Get involved,Donate,/donate/,target returns 404
tag/regenerative-agriculture,Get involved,Accessibility,https://new.soilfoodweb.com/accessibility/,target returns 404
tag/regenerative-agriculture,Get involved,Close Menu,#,"href is ""#"""
tag/regenerative-agriculture,Get involved,Partner on Research,#,"href is ""#"""
tag/soil-food-web,(top of page),Subscribe,#,"href is ""#"""
tag/soil-food-web,(top of page),Partner on Research,#,"href is ""#"""
tag/soil-food-web,Foundation,Governance and financials,#,"href is ""#"""
tag/soil-food-web,Get involved,Donate,/donate/,target returns 404
tag/soil-food-web,Get involved,Accessibility,https://new.soilfoodweb.com/accessibility/,target returns 404
tag/soil-food-web,Get involved,Close Menu,#,"href is ""#"""
tag/soil-food-web,Get involved,Partner on Research,#,"href is ""#"""
tag/soil-food-web-school,(top of page),Subscribe,#,"href is ""#"""
tag/soil-food-web-school,(top of page),Partner on Research,#,"href is ""#"""
tag/soil-food-web-school,Foundation,Governance and financials,#,"href is ""#"""
tag/soil-food-web-school,Get involved,Donate,/donate/,target returns 404
tag/soil-food-web-school,Get involved,Accessibility,https://new.soilfoodweb.com/accessibility/,target returns 404
tag/soil-food-web-school,Get involved,Close Menu,#,"href is ""#"""
tag/soil-food-web-school,Get involved,Partner on Research,#,"href is ""#"""
tag/soil-microbiology,(top of page),Subscribe,#,"href is ""#"""
tag/soil-microbiology,(top of page),Partner on Research,#,"href is ""#"""
tag/soil-microbiology,Foundation,Governance and financials,#,"href is ""#"""
tag/soil-microbiology,Get involved,Donate,/donate/,target returns 404
tag/soil-microbiology,Get involved,Accessibility,https://new.soilfoodweb.com/accessibility/,target returns 404
tag/soil-microbiology,Get involved,Close Menu,#,"href is ""#"""
tag/soil-microbiology,Get involved,Partner on Research,#,"href is ""#"""
tag/student-spotlight,(top of page),Subscribe,#,"href is ""#"""
tag/student-spotlight,(top of page),Partner on Research,#,"href is ""#"""
tag/student-spotlight,Foundation,Governance and financials,#,"href is ""#"""
tag/student-spotlight,Get involved,Donate,/donate/,target returns 404
tag/student-spotlight,Get involved,Accessibility,https://new.soilfoodweb.com/accessibility/,target returns 404
tag/student-spotlight,Get involved,Close Menu,#,"href is ""#"""
tag/student-spotlight,Get involved,Partner on Research,#,"href is ""#"""
tag/sustainability,(top of page),Subscribe,#,"href is ""#"""
tag/sustainability,(top of page),Partner on Research,#,"href is ""#"""
tag/sustainability,Foundation,Governance and financials,#,"href is ""#"""
tag/sustainability,Get involved,Donate,/donate/,target returns 404
tag/sustainability,Get involved,Accessibility,https://new.soilfoodweb.com/accessibility/,target returns 404
tag/sustainability,Get involved,Close Menu,#,"href is ""#"""
tag/sustainability,Get involved,Partner on Research,#,"href is ""#"""
tag/symbiotic-impact,(top of page),Subscribe,#,"href is ""#"""
tag/symbiotic-impact,(top of page),Partner on Research,#,"href is ""#"""
tag/symbiotic-impact,Foundation,Governance and financials,#,"href is ""#"""
tag/symbiotic-impact,Get involved,Donate,/donate/,target returns 404
tag/symbiotic-impact,Get involved,Accessibility,https://new.soilfoodweb.com/accessibility/,target returns 404
tag/symbiotic-impact,Get involved,Close Menu,#,"href is ""#"""
tag/symbiotic-impact,Get involved,Partner on Research,#,"href is ""#"""
tag/world-soil-day,(top of page),Subscribe,#,"href is ""#"""
tag/world-soil-day,(top of page),Partner on Research,#,"href is ""#"""
tag/world-soil-day,Foundation,Governance and financials,#,"href is ""#"""
tag/world-soil-day,Get involved,Donate,/donate/,target returns 404
tag/world-soil-day,Get involved,Accessibility,https://new.soilfoodweb.com/accessibility/,target returns 404
tag/world-soil-day,Get involved,Close Menu,#,"href is ""#"""
tag/world-soil-day,Get involved,Partner on Research,#,"href is ""#"""
2026/05,(top of page),Subscribe,#,"href is ""#"""
2026/05,(top of page),Partner on Research,#,"href is ""#"""
2026/05,Foundation,Governance and financials,#,"href is ""#"""
2026/05,Get involved,Donate,/donate/,target returns 404
2026/05,Get involved,Accessibility,https://new.soilfoodweb.com/accessibility/,target returns 404
2026/05,Get involved,Close Menu,#,"href is ""#"""
2026/05,Get involved,Partner on Research,#,"href is ""#"""
2026/04,(top of page),Subscribe,#,"href is ""#"""
2026/04,(top of page),Partner on Research,#,"href is ""#"""
2026/04,Foundation,Governance and financials,#,"href is ""#"""
2026/04,Get involved,Donate,/donate/,target returns 404
2026/04,Get involved,Accessibility,https://new.soilfoodweb.com/accessibility/,target returns 404
2026/04,Get involved,Close Menu,#,"href is ""#"""
2026/04,Get involved,Partner on Research,#,"href is ""#"""
2026/02,(top of page),Subscribe,#,"href is ""#"""
2026/02,(top of page),Partner on Research,#,"href is ""#"""
2026/02,Foundation,Governance and financials,#,"href is ""#"""
2026/02,Get involved,Donate,/donate/,target returns 404
2026/02,Get involved,Accessibility,https://new.soilfoodweb.com/accessibility/,target returns 404
2026/02,Get involved,Close Menu,#,"href is ""#"""
2026/02,Get involved,Partner on Research,#,"href is ""#"""
2025/12,(top of page),Subscribe,#,"href is ""#"""
2025/12,(top of page),Partner on Research,#,"href is ""#"""
2025/12,Foundation,Governance and financials,#,"href is ""#"""
2025/12,Get involved,Donate,/donate/,target returns 404
2025/12,Get involved,Accessibility,https://new.soilfoodweb.com/accessibility/,target returns 404
2025/12,Get involved,Close Menu,#,"href is ""#"""
2025/12,Get involved,Partner on Research,#,"href is ""#"""
2025/11,(top of page),Subscribe,#,"href is ""#"""
2025/11,(top of page),Partner on Research,#,"href is ""#"""
2025/11,Foundation,Governance and financials,#,"href is ""#"""
2025/11,Get involved,Donate,/donate/,target returns 404
2025/11,Get involved,Accessibility,https://new.soilfoodweb.com/accessibility/,target returns 404
2025/11,Get involved,Close Menu,#,"href is ""#"""
2025/11,Get involved,Partner on Research,#,"href is ""#"""
2025/10,(top of page),Subscribe,#,"href is ""#"""
2025/10,(top of page),Partner on Research,#,"href is ""#"""
2025/10,Foundation,Governance and financials,#,"href is ""#"""
2025/10,Get involved,Donate,/donate/,target returns 404
2025/10,Get involved,Accessibility,https://new.soilfoodweb.com/accessibility/,target returns 404
2025/10,Get involved,Close Menu,#,"href is ""#"""
2025/10,Get involved,Partner on Research,#,"href is ""#"""
2025/09,(top of page),Subscribe,#,"href is ""#"""
2025/09,(top of page),Partner on Research,#,"href is ""#"""
2025/09,Foundation,Governance and financials,#,"href is ""#"""
2025/09,Get involved,Donate,/donate/,target returns 404
2025/09,Get involved,Accessibility,https://new.soilfoodweb.com/accessibility/,target returns 404
2025/09,Get involved,Close Menu,#,"href is ""#"""
2025/09,Get involved,Partner on Research,#,"href is ""#"""
2025/02,(top of page),Subscribe,#,"href is ""#"""
2025/02,(top of page),Partner on Research,#,"href is ""#"""
2025/02,Foundation,Governance and financials,#,"href is ""#"""
2025/02,Get involved,Donate,/donate/,target returns 404
2025/02,Get involved,Accessibility,https://new.soilfoodweb.com/accessibility/,target returns 404
2025/02,Get involved,Close Menu,#,"href is ""#"""
2025/02,Get involved,Partner on Research,#,"href is ""#"""
2024/12,(top of page),Subscribe,#,"href is ""#"""
2024/12,(top of page),Partner on Research,#,"href is ""#"""
2024/12,Foundation,Governance and financials,#,"href is ""#"""
2024/12,Get involved,Donate,/donate/,target returns 404
2024/12,Get involved,Accessibility,https://new.soilfoodweb.com/accessibility/,target returns 404
2024/12,Get involved,Close Menu,#,"href is ""#"""
2024/12,Get involved,Partner on Research,#,"href is ""#"""
2024/03,(top of page),Subscribe,#,"href is ""#"""
2024/03,(top of page),Partner on Research,#,"href is ""#"""
2024/03,Foundation,Governance and financials,#,"href is ""#"""
2024/03,Get involved,Donate,/donate/,target returns 404
2024/03,Get involved,Accessibility,https://new.soilfoodweb.com/accessibility/,target returns 404
2024/03,Get involved,Close Menu,#,"href is ""#"""
2024/03,Get involved,Partner on Research,#,"href is ""#"""
2023/07,(top of page),Subscribe,#,"href is ""#"""
2023/07,(top of page),Partner on Research,#,"href is ""#"""
2023/07,Foundation,Governance and financials,#,"href is ""#"""
2023/07,Get involved,Donate,/donate/,target returns 404
2023/07,Get involved,Accessibility,https://new.soilfoodweb.com/accessibility/,target returns 404
2023/07,Get involved,Close Menu,#,"href is ""#"""
2023/07,Get involved,Partner on Research,#,"href is ""#"""
2022/11,(top of page),Subscribe,#,"href is ""#"""
2022/11,(top of page),Partner on Research,#,"href is ""#"""
2022/11,Foundation,Governance and financials,#,"href is ""#"""
2022/11,Get involved,Donate,/donate/,target returns 404
2022/11,Get involved,Accessibility,https://new.soilfoodweb.com/accessibility/,target returns 404
2022/11,Get involved,Close Menu,#,"href is ""#"""
2022/11,Get involved,Partner on Research,#,"href is ""#"""
2022/07,(top of page),Subscribe,#,"href is ""#"""
2022/07,(top of page),Partner on Research,#,"href is ""#"""
2022/07,Foundation,Governance and financials,#,"href is ""#"""
2022/07,Get involved,Donate,/donate/,target returns 404
2022/07,Get involved,Accessibility,https://new.soilfoodweb.com/accessibility/,target returns 404
2022/07,Get involved,Close Menu,#,"href is ""#"""
2022/07,Get involved,Partner on Research,#,"href is ""#"""
author/admin/page/2,(top of page),Subscribe,#,"href is ""#"""
author/admin/page/2,(top of page),Partner on Research,#,"href is ""#"""
author/admin/page/2,Foundation,Governance and financials,#,"href is ""#"""
author/admin/page/2,Get involved,Donate,/donate/,target returns 404
author/admin/page/2,Get involved,Accessibility,https://new.soilfoodweb.com/accessibility/,target returns 404
author/admin/page/2,Get involved,Close Menu,#,"href is ""#"""
author/admin/page/2,Get involved,Partner on Research,#,"href is ""#"""
author/admin/page/1,(top of page),Subscribe,#,"href is ""#"""
author/admin/page/1,(top of page),Partner on Research,#,"href is ""#"""
author/admin/page/1,Foundation,Governance and financials,#,"href is ""#"""
author/admin/page/1,Get involved,Donate,/donate/,target returns 404
author/admin/page/1,Get involved,Accessibility,https://new.soilfoodweb.com/accessibility/,target returns 404
author/admin/page/1,Get involved,Close Menu,#,"href is ""#"""
author/admin/page/1,Get involved,Partner on Research,#,"href is ""#"""
